2018/9/14,0,0,0,0,1,0,0,0,0,0,0,0,0,0,0,0,0,0,0,0,0,0,0,0,0,0,0,0
2018/9/15,0,0,0,0,0.8,0,0,0,0,0,0,0,0,0,0,0,0,0,0,0,0,0,0,0,0,0.2,0,0
2018/9/16,0,0,0,0,0.6,0,0,0,0,0,0,0,0,0,0,0,0,0,0,0,0,0,0,0,0,0.4,0,0
2018/9/17,0,0,0,0,0.4,0,0,0,0,0,0,0,0,0,0,0,0,0,0,0,0,0,0,0,0,0.6,0,0
2018/9/18,0,0,0,0,0.2,0,0,0,0,0,0,0,0,0,0,0,0,0,0,0,0,0,0,0,0,0.8,0,0
2018/9/19,0,0,0,0,0,0,0,0,0,0,0,0,0,0,0,0,0,0,0,0,0,0,0,0,0,1,0,0
2018/9/20,0,1,0,3,2,0,0,0,0,0,1,0,0,0,0,1,1,1,0,0,2,0,0,1,0,0,1,0
2018/9/21,0,0,0,0,0,1,0,0,0,0,0,0,0,0,0,0,0,0,0,0,1,0,0,0,0,0,0,0
2018/9/22,0,1,0,2,0,0,0,0,0,1,0,0,0,0,0,0,1,0,0,0,1,0,0,0,1,0,0,0
2018/9/23,0,0.67,0,1.33,0.33,0,0,0,0,0.67,0,0,0,0,0,0,0.67,0,0,0,0.67,0,0,0,0.67,0,0.33,0
2018/9/24,0,0.33,0,0.67,0.67,0,0,0,0,0.33,0,0,0,0,0,0,0.33,0,0,0,0.33,0,0,0,0.33,0,0.67,0
2018/9/25,0,0,0,0,1,0,0,0,0,0,0,0,0,0,0,0,0,0,0,0,0,0,0,0,0,0,1,0
2018/9/26,0,1,0,3,4,0,0,0,0,1,0,1,0,0,0,0,2,0,0,0,0,0,0,0,0,1,0,0
2018/9/27,0,0,0,0,0,1,0,0,0,1,0,0,0,0,0,0,1,0,0,0,0,0,0,1,0,0,1,0
2018/9/28,0,0,0,1,0,1,0,2,1,0,0,0,0,0,0,1,0,0,0,0,2,0,0,0,0,1,1,0
2018/9/29,0,1,0,1,2.5,1,0,1,1,0.5,0,0,0,0,0,0.5,1,0.5,0,0,1,0,0,0,0,0.5,0.5,0
2018/9/30,0,2,0,1,5,1,0,0,1,1,0,0,0,0,0,0,2,1,0,0,0,0,0,0,0,0,0,0
2018/10/1,0,1,0,0,1,0,0,0,0,1,0,0,0,0,0,0,0,0,0,0,0,0,0,0,0,0,1,0
2018/10/2,0,1,0,1,7,0,0,1,1,0,0,0,0,0,0,0,1,0,0,0,4,0,0,0,0,0,0,0
2018/10/3,0,1,0,1,6,0,0,0,0,0,0,0,0,0,0,0,0,0,0,0,2,0,0,0,0,1,0,0
2018/10/4,0,1,0,0.5,3,0,0,0.5,0,0,0,0,0,0,0,0,0.5,0,0,0,1,0,0,0.5,0,0.5,0,0
2018/10/5,0,1,0,0,0,0,0,1,0,0,0,0,0,0,0,0,1,0,0,0,0,0,0,1,0,0,0,0
2018/10/6,0,1,0,0,0,0,0,0,0,0,0,0,0,0,0,1,0,0,0,0,0,0,0,0,0,0,0,0
2018/10/7,0,1,0,0,1,0,0,0,0,0,0,1,0,0,0,0,1,0,0,0,0,0,0,0,0,0,1,0
2018/10/8,0,1,0,1,1,0,0,0,0,0,0,0,0,0,0,0,1,0,0,0,0,0,0,0,0,0,0,0
2018/10/9,0,1,0,1,4,0,0,0,0,0,0,0,0,0,0,0,0,0,0,0,4,0,0,1,0,0,0,0
2018/10/10,0,0.5,0,0.5,2,1,0,0,0,0,0,0,0,0,0,0,0,0,0,0,2.5,0,0,0.5,0,0,0.5,0
2018/10/11,0,0,0,0,0,2,0,0,0,0,0,0,0,0,0,0,0,0,0,0,1,0,0,0,0,0,1,0
2018/10/12,0,0,0,2,0,0,0,0,0,0,0,3,0,0,0,2,0,0,0,0,0,0,0,0,0,0,0,0
2018/10/13,0,1,0,0,1,0,0,0,0,0,0,0,0,0,0,0,0,0,0,0,0,0,0,0,0,0,0,0
2018/10/14,0,0,0,0,0,0,0,0,1,0,0,0,0,0,0,0,1,0,0,0,1,0,0,0,0,1,1,0
2018/10/15,0,0,0,0,0,0,0,0,0,0,0,0,0,0,0,0,0,0,0,0,1,0,0,0,0,0,0,0
2018/10/16,0,0,0,0,0,0,0,0,0,0,0,0,0,0,0,0,0,1,0,0,0,0,0,0,0,0,0,0
2018/10/17,0,0,0,0,0,0,0,0,0,0,0,0,0,0,0,0,0,0,0,0,0,0,0,0,0,1,0,0
2018/10/18,0,1,0,0,2,0,0,0,0,0,0,5,0,0,0,0,0,1,0,0,2,0,0,1,0,0,1,0
2018/10/19,0,1,0,0,1,0,0,0,0,0,0,0,0,0,0,0,0,0,0,0,0,0,0,0,0,0,0,0
2018/10/20,0,0,0,0,2,0,0,0,0,0,0,0,0,0,0,0,0,0,0,0,1,0,0,0,0,0,0,0
2018/10/21,0,0,0,0.5,1.5,0,0,0,0,0,0,0,0,0,0,0.5,0,0,0,0,0.5,0,0,0,0,0,0.5,0
2018/10/22,0,0,0,1,1,0,0,0,0,0,0,0,0,0,0,1,0,0,0,0,0,0,0,0,0,0,1,0
2018/10/23,0,0,0,0.67,1,0,0,0,0,0,0,0,0,0,0,0.67,0,0,0,0,0,0,0,0,0,0,0.67,0
2018/10/24,0,0,0,0.33,1,0,0,0,0,0,0,0,0,0,0,0.33,0,0,0,0,0,0,0,0,0,0,0.33,0
2018/10/25,0,0,0,0,1,0,0,0,0,0,0,0,0,0,0,0,0,0,0,0,0,0,0,0,0,0,0,0
2018/10/26,0,0,0,2,1,0,0,0,0,0,0,0,0,0,0,0,0,0,0,0,0,0,0,0,0,0,0,0
2018/10/27,0,0,0,1.33,1.67,0,0,0,0,0,0,0,0,0,0,0,0.33,0.33,0,0,0.67,0,0,0,0,0,0,0
2018/10/28,0,0,0,0.67,2.33,0,0,0,0,0,0,0,0,0,0,0,0.67,0.67,0,0,1.33,0,0,0,0,0,0,0
2018/10/29,0,0,0,0,3,0,0,0,0,0,0,0,0,0,0,0,1,1,0,0,2,0,0,0,0,0,0,0
2018/10/30,0,1,0,0,1,0,0,0,0,0,0,0,0,0,0,0,1,1,0,0,1,0,0,0,0,0,0,0
2018/10/31,0,0.5,0,0,2,0,0,0,0,0,0,0,0,0,0,0,0.5,0.5,0,0,1,0,0,0,0,0,0,0
2018/11/1,0,0,0,0,3,0,0,0,0,0,0,0,0,0,0,0,0,0,0,0,1,0,0,0,0,0,0,0
2018/11/2,0,0,0,0,1.5,0,0,0,0,0,0,0.5,0,0,0,0,1,0,0,0,0.5,0,0,0,0,0,0,0
2018/11/3,0,0,0,0,0,0,0,0,0,0,0,1,0,0,0,0,2,0,0,0,0,0,0,0,0,0,0,0
2018/11/4,0,0,0,0,1,0,0,0,0,0,0,0,0,0,0,0,2,1,0,0,0,0,0,0,0,0,0,0
2018/11/5,0,0,0,0,1,0,0,0,0,0,0,0,0,0,0,0,0,0,0,0,2,0,0,0,0,0,0,0
2018/11/6,0,0,0,0,1,0,0,0,0,0,0,3,0,0,0,0,1,0,0,0,0,0,0,0,0,0,0,0
2018/11/7,0,0,0,0,0,0,0,0,0,0,0,2,0,0,0,0,0,0,0,0,0,0,0,0,0,0,0,0
2018/11/8,0,0,0,1,0,0,0,0,0,0,0,2,0,0,0,0,2,0,0,0,1,0,0,0,0,0,0,0
2018/11/9,0,0,0,1,0,0,0,0,0,0,0,2,0,0,0,0,2,2,0,0,0,0,0,0,0,0,0,0
2018/11/10,0,0,0,1,4,0,0,0,0,0,0,1,0,0,0,0,5,1,0,0,0,0,0,0,0,0,0,0
2018/11/11,0,0,0,0,0,0,0,0,0,0,0,1,0,0,0,0,0,1,0,0,0,0,0,0,0,0,0,0
2018/11/12,0,0,0,0,1,0,0,0,0,0,0,0,0,0,0,0,0,0,0,0,0,0,0,0,0,0,0,0
2018/11/13,0,0,0,1,0,0,0,0,0,0,0,5,0,0,0,0,3,1,0,0,0,0,0,0,0,0,0,0
2018/11/14,0,0,0,0,0,0,0,2,0,0,4,0,0,0,0,0,0,5,0,0,3,0,0,0,0,3,0,0
2018/11/15,0,0,0,4,0,0,1,3,1,1,2,3,0,0,0,4,3,6,0,0,4,0,0,0,0,2,0,0
2018/11/16,0,0,0,0,5,0,0,1,1,0,0,0,0,0,0,0,6,2,0,0,1,0,0,0,0,0,0,0
2018/11/17,0,0,0,0,0,0,0,0,0,0,0,0,0,0,0,0,0,1,0,0,0,0,0,0,0,0,0,0
2018/11/18,0,0,0,0,0,0,0,0,0,0,0,0,0,0,0,0,0,0,0,0,1,0,0,0,0,0,0,0
2018/11/19,0,0,0,0,1,0,0,0,0,0,0,1,0,0,0,0,3,2,0,0,0,0,0,0,0,0,0,0
2018/11/20,0,0,0,0,0,0,0,0,0,0,0,1,0,0,0,0,1,0,0,0,0,0,0,0,0,0,0,0
2018/11/21,0,0,0,0,0,0,0,0,0,0,0,1,0,0,0,0,1,1,0,0,0,0,0,0,0,0,0,0
2018/11/22,0,0,0,0,0,0,0,0,0,0,0,1,0,0,0,0,2,4,0,0,0,0,0,0,0,0,0,0
2018/11/23,0,1,0,0,3,0,0,2,1,0,2,4,0,0,0,1,2,4,0,0,5,0,0,1,0,2,1,0
2018/11/24,0,0,0,0,1,0,0,0,0,0,0,0,0,0,0,0,1,0,0,0,0,0,0,0,0,0,0,0
2018/11/25,0,0,0,0,0,0,0,0,0,0,0,1,0,0,0,0,2,0,0,0,0,0,0,0,0,0,1,0
2018/11/26,0,0,0,0,1,0,0,0,0,0,0,0,0,0,0,0,1,1,0,0,0,0,0,0,0,0,0,0
2018/11/27,0,0,0,2,0,0,0,0,0,0,0,8,0,0,0,0,7,8,0,0,0,0,0,0,0,0,0,0
2018/11/28,0,0,0,0,0,0,0,0,0,0,0,1,0,0,0,0,1,0,0,0,0,0,0,0,0,0,0,0
2018/11/29,0,0,0,0.5,1,0,0,0.5,0.5,0,0,1,0,0,0,0,1,0.5,0,0,0,0,0,0,0,0,0,0
2018/11/30,0,0,0,1,2,0,0,1,1,0,0,1,0,0,0,0,1,1,0,0,0,0,0,0,0,0,0,0
2018/12/1,0,0,0,0,0,0,0,0,0,0,0,1,0,0,0,0,0,0,0,0,0,0,0,0,0,0,0,0
2018/12/2,0,0,0,2,0,0,0,0,0,0,0,6,0,0,0,0,3,1,0,0,0,0,0,0,0,1,1,0
2018/12/3,0,0,0,4,0,0,0,5,0,0,4,4,0,0,0,2,4,11,0,0,0,0,0,0,0,4,0,0
2018/12/4,0,0,0,2,0,0,0,1,0,0,1,4,0,0,0,1,1,1,0,0,0,0,0,0,0,1,0,0
2018/12/5,0,0,0,0,0,0,0,0,0,1,0,1,0,0,0,0,0,2,0,0,0,0,0,0,0,2,0,0
2018/12/6,0,0,0,0,1,0,0,0,0,0.5,0,1,0,0,0,0,1.5,1.5,0,0,0,0,0,0,0,1,0.5,0
2018/12/7,0,0,0,0,2,0,0,0,0,0,0,1,0,0,0,0,3,1,0,0,0,0,0,0,0,0,1,0
2018/12/8,0,0,0,1,0,0,0,0,0,0,0,9,0,0,0,0,5,6,0,0,0,0,0,0,0,0,0,0
2018/12/9,0,0,0,1.5,0,0,0,3,0,0,3,4.5,0,0,0,0,2.5,6.5,0,0,3,0,0,0,0,3,0,0
2018/12/10,0,0,0,2,0,0,0,6,0,0,6,0,0,0,0,0,0,7,0,0,6,0,0,0,0,6,0,0
2018/12/11,0,1,0,1,0,0,0,0,0,1,0,2,0,0,0,0,1,3,0,0,0,0,0,0,0,1,0,0
2018/12/12,0,0,0,1,2,0,0,0,0,0,0,7,0,0,0,1,3,3,0,0,0,0,0,0,0,1,1,0
2018/12/13,0,0,0,2,0,0,0,0,0,0,0,11,0,0,0,0,2,6,0,0,0,0,0,0,0,0,0,0
2018/12/14,0,0,0,0,0,0,0,0,0,0,0,1,0,0,0,0,1,0,0,0,0,0,0,0,0,0,0,0
2018/12/15,0,0,0,1,0,0,0,0,0,0,0,1,0,0,0,0,1,1,0,0,0,0,0,0,0,0,0,0
2018/12/16,0,0,0,0.5,0,0,0,0,0,0,0,0.5,0,0,0,0,1,1,0,0,0,0,0,0,0,0,0,0
2018/12/17,0,0,0,0,0,0,0,0,0,0,0,0,0,0,0,0,1,1,0,0,0,0,0,0,0,0,0,0
2018/12/18,0,0,0,0.5,0,0,0,0,0,0,0,0.5,0,0,0,0,1,1,0,0,0,0,0,0,0,0,0,0
2018/12/19,0,0,0,1,0,0,0,0,0,0,0,1,0,0,0,0,1,1,0,0,0,0,0,0,0,0,0,0
2018/12/20,0,0,0,1.5,0,0,0,0,0,0,0,1.5,0,0,0,0,1,1,0,0,0,0,0,0,0,0,0,0
2018/12/21,0,0,0,2,0,0,0,0,0,0,0,2,0,0,0,0,1,1,0,0,0,0,0,0,0,0,0,0
2018/12/22,0,0,0,1,0,0,0,0,0,0,0,9,0,0,0,0,5,5,0,0,0,0,0,0,0,0,0,0
2018/12/23,0,0,0,2,0,0,0,0,0,0,0,6,0,0,0,0,3,7,0,0,0,0,0,0,0,0,0,0
2018/12/24,0,0,0,0,0,0,0,0,0,0,0,0,0,0,0,0,0,1,0,0,0,0,0,0,0,0,0,0
2018/12/25,0,0,0,0,0,0,0,0,0,0,0,0,0,0,0,0,0,1,0,0,0,0,0,0,0,0,0,0
2018/12/26,0,0,0,0,2,0,0,0,0,0,0,2,0,0,0,0,0,0,0,0,0,0,0,0,0,0,0,0
2018/12/27,0,1,0,3,0,0,0,0,0,0,0,7,0,0,0,0,4,4,0,0,0,0,0,0,0,0,0,0
2018/12/28,0,0,0,3,0,0,0,1,0,0,1,1,0,0,0,1,2,3,0,0,1,0,0,0,0,1,0,0
2018/12/29,0,0,0,2,0,0,0,1,0,0,1,4,0,0,0,1,2,4,0,0,1,0,0,0,0,1,0,0
2018/12/30,0,0,0,1,0,0,0,0,0,0,0,4,0,0,0,0,3,2,0,0,0,0,0,0,0,0,0,0
2018/12/31,0,0.2,0,1.2,0,0,0,0,0,0,0,4.6,0,0,0,0,3.6,2.6,0,0,0,0,0,0,0,0,0,0
2019/1/1,0,0.4,0,1.4,0,0,0,0,0,0,0,5.2,0,0,0,0,4.2,3.2,0,0,0,0,0,0,0,0,0,0
2019/1/2,0,0.6,0,1.6,0,0,0,0,0,0,0,5.8,0,0,0,0,4.8,3.8,0,0,0,0,0,0,0,0,0,0
2019/1/3,0,0.8,0,1.8,0,0,0,0,0,0,0,6.4,0,0,0,0,5.4,4.4,0,0,0,0,0,0,0,0,0,0
2019/1/4,0,1,0,2,0,0,0,0,0,0,0,7,0,0,0,0,6,5,0,0,0,0,0,0,0,0,0,0
2019/1/5,0,0,0,2,0,0,0,0,0,0,0,10,0,0,0,0,7,2,0,0,0,0,0,0,0,0,0,0
2019/1/6,0,0,0,1,0,0,0,0,0,0,0,1,0,0,0,0,1,1,0,0,0,0,0,0,0,0,0,0
2019/1/7,0,0,0,0,0,0,0,0,0,0,0,0,0,0,0,0,0,0,0,0,0,0,0,0,1,0,0,0
2019/1/8,0,1,0,0,0,0,0,0,1,0,0,0,0,0,0,0,0,0,0,0,0,0,0,0,0,0,0,0
2019/1/9,0,0,0,1,0,0,0,0,0,0,0,2,0,0,0,0,2,2,0,0,0,0,0,0,0,0,0,0
2019/1/10,0,0,0,0,1,0,0,0,0,0,0,0,0,0,0,0,0,1,0,0,0,0,0,0,0,0,0,0
2019/1/11,0,0,0,0,0.5,0,0,0,0,0,0,0.5,0,0,0,0,0,0.5,0,0,0,0,0,0,0,0,0,0
2019/1/12,0,0,0,0,0,0,0,0,0,0,0,1,0,0,0,0,0,0,0,0,0,0,0,0,0,0,0,0
2019/1/13,0,0,0,0.5,0.5,0,0,0,0,0,0,4.5,0,0,0,0,1,2,0,0,0,0,0,0,0,0,0,0
2019/1/14,0,0,0,1,1,0,0,0,0,0,0,8,0,0,0,0,2,4,0,0,0,0,0,0,0,0,0,0
2019/1/15,0,1,0,2,0,0,0,0,0,1,0,5,0,0,0,0,5,0,0,0,1,0,0,0,0,0,0,0
2019/1/16,0,0,0,0,0,0,0,0,0,0,0,3,0,0,0,0,1,0,0,0,0,0,0,0,0,0,0,0
2019/1/17,0,0,0,1,0,0,0,0,0,0,0,1,0,0,0,0,1,1,0,0,0,0,0,0,0,0,0,0
2019/1/18,0,0,0,1,0,0,0,0,0,0,0,3,0,0,0,0,2,2,0,0,0,0,0,0,0,0,0,0
2019/1/19,0,0,0,0,0,0,0,0,0,0,0,1,0,0,0,0,3,1,0,0,0,0,0,0,0,0,0,0
2019/1/20,0,0,0,0,0,0,0,0,0,0,0,3,0,0,0,0,2,2,0,0,0,0,0,0,0,0,0,0
2019/1/21,0,0,0,0,0,0,0,1,0,0,0,0,0,0,0,1,0,0,0,0,0,0,0,0,0,0,0,0
2019/1/22,0,0,0,5,0,0,0,0,0,0,0,9,0,0,0,0,6,2,0,0,0,0,0,0,0,0,0,0
2019/1/23,0,0,0,1,0,0,1,0,0,0,0,5,0,0,0,0,3,3,0,0,0,0,0,0,0,0,0,0
2019/1/24,0,1,0,1,1,0,0,0,0,0,0,1,0,0,0,0,0,0,0,0,0,0,0,0,0,0,0,0
2019/1/25,0,0.5,0,1,0.5,0,0,0,0,0,0,4,0,0,0,0,2.5,2,0,0,0,0,0,0,0,0,0,0
2019/1/26,0,0,0,1,0,0,0,0,0,0,0,7,0,0,0,0,5,4,0,0,0,0,0,0,0,0,0,0
2019/1/27,0,0,0,1,0,0,0,0,0,0,0,4.5,0,0,0,0,3.5,3.5,0,0,0,0,0,0,0,0,0,0
2019/1/28,0,0,0,1,0,0,0,0,0,0,0,2,0,0,0,0,2,3,0,0,0,0,0,0,0,0,0,0
2019/1/29,0,0,0,0.96,0,0.04,0,0,0.04,0,0,1.92,0,0,0,0,1.92,2.88,0,0,0,0,0,0,0,0.04,0,0
2019/1/30,0,0,0,0.92,0,0.08,0,0,0.08,0,0,1.85,0,0,0,0,1.85,2.77,0,0,0,0,0,0,0,0.08,0,0
2019/1/31,0,0,0,0.88,0,0.12,0,0,0.12,0,0,1.77,0,0,0,0,1.77,2.65,0,0,0,0,0,0,0,0.12,0,0
2019/2/1,0,0,0,0.85,0,0.15,0,0,0.15,0,0,1.69,0,0,0,0,1.69,2.54,0,0,0,0,0,0,0,0.15,0,0
2019/2/2,0,0,0,0.81,0,0.19,0,0,0.19,0,0,1.62,0,0,0,0,1.62,2.42,0,0,0,0,0,0,0,0.19,0,0
2019/2/3,0,0,0,0.77,0,0.23,0,0,0.23,0,0,1.54,0,0,0,0,1.54,2.31,0,0,0,0,0,0,0,0.23,0,0
2019/2/4,0,0,0,0.73,0,0.27,0,0,0.27,0,0,1.46,0,0,0,0,1.46,2.19,0,0,0,0,0,0,0,0.27,0,0
2019/2/5,0,0,0,0.69,0,0.31,0,0,0.31,0,0,1.38,0,0,0,0,1.38,2.08,0,0,0,0,0,0,0,0.31,0,0
2019/2/6,0,0,0,0.65,0,0.35,0,0,0.35,0,0,1.31,0,0,0,0,1.31,1.96,0,0,0,0,0,0,0,0.35,0,0
2019/2/7,0,0,0,0.62,0,0.38,0,0,0.38,0,0,1.23,0,0,0,0,1.23,1.85,0,0,0,0,0,0,0,0.38,0,0
2019/2/8,0,0,0,0.58,0,0.42,0,0,0.42,0,0,1.15,0,0,0,0,1.15,1.73,0,0,0,0,0,0,0,0.42,0,0
2019/2/9,0,0,0,0.54,0,0.46,0,0,0.46,0,0,1.08,0,0,0,0,1.08,1.62,0,0,0,0,0,0,0,0.46,0,0
2019/2/10,0,0,0,0.5,0,0.5,0,0,0.5,0,0,1,0,0,0,0,1,1.5,0,0,0,0,0,0,0,0.5,0,0
2019/2/11,0,0,0,0.46,0,0.54,0,0,0.54,0,0,0.92,0,0,0,0,0.92,1.38,0,0,0,0,0,0,0,0.54,0,0
2019/2/12,0,0,0,0.42,0,0.58,0,0,0.58,0,0,0.85,0,0,0,0,0.85,1.27,0,0,0,0,0,0,0,0.58,0,0
2019/2/13,0,0,0,0.38,0,0.62,0,0,0.62,0,0,0.77,0,0,0,0,0.77,1.15,0,0,0,0,0,0,0,0.62,0,0
2019/2/14,0,0,0,0.35,0,0.65,0,0,0.65,0,0,0.69,0,0,0,0,0.69,1.04,0,0,0,0,0,0,0,0.65,0,0
2019/2/15,0,0,0,0.31,0,0.69,0,0,0.69,0,0,0.62,0,0,0,0,0.62,0.92,0,0,0,0,0,0,0,0.69,0,0
2019/2/16,0,0,0,0.27,0,0.73,0,0,0.73,0,0,0.54,0,0,0,0,0.54,0.81,0,0,0,0,0,0,0,0.73,0,0
2019/2/17,0,0,0,0.23,0,0.77,0,0,0.77,0,0,0.46,0,0,0,0,0.46,0.69,0,0,0,0,0,0,0,0.77,0,0
2019/2/18,0,0,0,0.19,0,0.81,0,0,0.81,0,0,0.38,0,0,0,0,0.38,0.58,0,0,0,0,0,0,0,0.81,0,0
2019/2/19,0,0,0,0.15,0,0.85,0,0,0.85,0,0,0.31,0,0,0,0,0.31,0.46,0,0,0,0,0,0,0,0.85,0,0
2019/2/20,0,0,0,0.12,0,0.88,0,0,0.88,0,0,0.23,0,0,0,0,0.23,0.35,0,0,0,0,0,0,0,0.88,0,0
2019/2/21,0,0,0,0.08,0,0.92,0,0,0.92,0,0,0.15,0,0,0,0,0.15,0.23,0,0,0,0,0,0,0,0.92,0,0
2019/2/22,0,0,0,0.04,0,0.96,0,0,0.96,0,0,0.08,0,0,0,0,0.08,0.12,0,0,0,0,0,0,0,0.96,0,0
2019/2/23,0,0,0,0,0,1,0,0,1,0,0,0,0,0,0,0,0,0,0,0,0,0,0,0,0,1,0,0
2019/2/24,0,0,0,0,0,0.5,0,0.5,1.5,0,0,0,0,0,0,0,0,1,0,0,1,0,0,0,0,1,0,0
2019/2/25,0,0,0,0,0,0,0,1,2,0,0,0,0,0,0,0,0,2,0,0,2,0,0,0,0,1,0,0
2019/2/26,0,0,0,0,0,0,0,0.5,1,0,0,0,0,0,0,0,0,1,0,0,2.5,0,0,0,0,0.5,0,0
2019/2/27,0,0,0,0,0,0,0,0,0,0,0,0,0,0,0,0,0,0,0,0,3,0,0,0,0,0,0,0
2019/2/28,0,0,0,1,0,1,0,0,1,1,0,0,0,0,0,0,0,1,0,0,0,0,0,0,0,0,0,0
2019/3/1,0,0,0,0.67,0,0.67,0,0.33,0.67,0.67,0,0,0.33,0,0,0,0,0.67,0,0,0,0,0,0,0,0,0,0
2019/3/2,0,0,0,0.33,0,0.33,0,0.67,0.33,0.33,0,0,0.67,0,0,0,0,0.33,0,0,0,0,0,0,0,0,0,0
2019/3/3,0,0,0,0,0,0,0,1,0,0,0,0,1,0,0,0,0,0,0,0,0,0,0,0,0,0,0,0
2019/3/4,0,0,0,0,0,0,0,0.93,0,0,0,0.07,0.93,0,0,0,0.07,0.07,0,0,0,0,0,0,0,0,0,0
2019/3/5,0,0,0,0,0,0,0,0.87,0,0,0,0.13,0.87,0,0,0,0.13,0.13,0,0,0,0,0,0,0,0,0,0
2019/3/6,0,0,0,0,0,0,0,0.8,0,0,0,0.2,0.8,0,0,0,0.2,0.2,0,0,0,0,0,0,0,0,0,0
2019/3/7,0,0,0,0,0,0,0,0.73,0,0,0,0.27,0.73,0,0,0,0.27,0.27,0,0,0,0,0,0,0,0,0,0
2019/3/8,0,0,0,0,0,0,0,0.67,0,0,0,0.33,0.67,0,0,0,0.33,0.33,0,0,0,0,0,0,0,0,0,0
2019/3/9,0,0,0,0,0,0,0,0.6,0,0,0,0.4,0.6,0,0,0,0.4,0.4,0,0,0,0,0,0,0,0,0,0
2019/3/10,0,0,0,0,0,0,0,0.53,0,0,0,0.47,0.53,0,0,0,0.47,0.47,0,0,0,0,0,0,0,0,0,0
2019/3/11,0,0,0,0,0,0,0,0.47,0,0,0,0.53,0.47,0,0,0,0.53,0.53,0,0,0,0,0,0,0,0,0,0
2019/3/12,0,0,0,0,0,0,0,0.4,0,0,0,0.6,0.4,0,0,0,0.6,0.6,0,0,0,0,0,0,0,0,0,0
2019/3/13,0,0,0,0,0,0,0,0.33,0,0,0,0.67,0.33,0,0,0,0.67,0.67,0,0,0,0,0,0,0,0,0,0
2019/3/14,0,0,0,0,0,0,0,0.27,0,0,0,0.73,0.27,0,0,0,0.73,0.73,0,0,0,0,0,0,0,0,0,0
2019/3/15,0,0,0,0,0,0,0,0.2,0,0,0,0.8,0.2,0,0,0,0.8,0.8,0,0,0,0,0,0,0,0,0,0
2019/3/16,0,0,0,0,0,0,0,0.13,0,0,0,0.87,0.13,0,0,0,0.87,0.87,0,0,0,0,0,0,0,0,0,0
2019/3/17,0,0,0,0,0,0,0,0.07,0,0,0,0.93,0.07,0,0,0,0.93,0.93,0,0,0,0,0,0,0,0,0,0
2019/3/18,0,0,0,0,0,0,0,0,0,0,0,1,0,0,0,0,1,1,0,0,0,0,0,0,0,0,0,0
2019/3/19,0,0,0,0,0,0,0,0,0,0,0,1,0,0,0,0,1,1,0,0,0,0,0,0,0,0,0,0
2019/3/20,0,0.01,0,0,0.01,0,0,0,0,0,0,0.99,0,0,0,0,0.99,0.99,0,0,0.01,0,0,0,0,0,0,0
2019/3/21,0,0.01,0,0,0.01,0,0,0,0,0,0,0.99,0,0,0,0,0.99,0.99,0,0,0.01,0,0,0,0,0,0,0
2019/3/22,0,0.01,0,0,0.01,0,0,0,0,0,0,0.99,0,0,0,0,0.99,0.99,0,0,0.01,0,0,0,0,0,0,0
2019/3/23,0,0.01,0,0,0.01,0,0,0,0,0,0,0.99,0,0,0,0,0.99,0.99,0,0,0.01,0,0,0,0,0,0,0
2019/3/24,0,0.02,0,0,0.02,0,0,0,0,0,0,0.98,0,0,0,0,0.98,0.98,0,0,0.02,0,0,0,0,0,0,0
2019/3/25,0,0.02,0,0,0.02,0,0,0,0,0,0,0.98,0,0,0,0,0.98,0.98,0,0,0.02,0,0,0,0,0,0,0
2019/3/26,0,0.02,0,0,0.02,0,0,0,0,0,0,0.98,0,0,0,0,0.98,0.98,0,0,0.02,0,0,0,0,0,0,0
2019/3/27,0,0.02,0,0,0.02,0,0,0,0,0,0,0.98,0,0,0,0,0.98,0.98,0,0,0.02,0,0,0,0,0,0,0
2019/3/28,0,0.03,0,0,0.03,0,0,0,0,0,0,0.97,0,0,0,0,0.97,0.97,0,0,0.03,0,0,0,0,0,0,0
2019/3/29,0,0.03,0,0,0.03,0,0,0,0,0,0,0.97,0,0,0,0,0.97,0.97,0,0,0.03,0,0,0,0,0,0,0
2019/3/30,0,0.03,0,0,0.03,0,0,0,0,0,0,0.97,0,0,0,0,0.97,0.97,0,0,0.03,0,0,0,0,0,0,0
2019/3/31,0,0.04,0,0,0.04,0,0,0,0,0,0,0.96,0,0,0,0,0.96,0.96,0,0,0.04,0,0,0,0,0,0,0
2019/4/1,0,0.04,0,0,0.04,0,0,0,0,0,0,0.96,0,0,0,0,0.96,0.96,0,0,0.04,0,0,0,0,0,0,0
2019/4/2,0,0.04,0,0,0.04,0,0,0,0,0,0,0.96,0,0,0,0,0.96,0.96,0,0,0.04,0,0,0,0,0,0,0
2019/4/3,0,0.04,0,0,0.04,0,0,0,0,0,0,0.96,0,0,0,0,0.96,0.96,0,0,0.04,0,0,0,0,0,0,0
2019/4/4,0,0.05,0,0,0.05,0,0,0,0,0,0,0.95,0,0,0,0,0.95,0.95,0,0,0.05,0,0,0,0,0,0,0
2019/4/5,0,0.05,0,0,0.05,0,0,0,0,0,0,0.95,0,0,0,0,0.95,0.95,0,0,0.05,0,0,0,0,0,0,0
2019/4/6,0,0.05,0,0,0.05,0,0,0,0,0,0,0.95,0,0,0,0,0.95,0.95,0,0,0.05,0,0,0,0,0,0,0
2019/4/7,0,0.05,0,0,0.05,0,0,0,0,0,0,0.95,0,0,0,0,0.95,0.95,0,0,0.05,0,0,0,0,0,0,0
2019/4/8,0,0.06,0,0,0.06,0,0,0,0,0,0,0.94,0,0,0,0,0.94,0.94,0,0,0.06,0,0,0,0,0,0,0
2019/4/9,0,0.06,0,0,0.06,0,0,0,0,0,0,0.94,0,0,0,0,0.94,0.94,0,0,0.06,0,0,0,0,0,0,0
2019/4/10,0,0.06,0,0,0.06,0,0,0,0,0,0,0.94,0,0,0,0,0.94,0.94,0,0,0.06,0,0,0,0,0,0,0
2019/4/11,0,0.06,0,0,0.06,0,0,0,0,0,0,0.94,0,0,0,0,0.94,0.94,0,0,0.06,0,0,0,0,0,0,0
2019/4/12,0,0.07,0,0,0.07,0,0,0,0,0,0,0.93,0,0,0,0,0.93,0.93,0,0,0.07,0,0,0,0,0,0,0
2019/4/13,0,0.07,0,0,0.07,0,0,0,0,0,0,0.93,0,0,0,0,0.93,0.93,0,0,0.07,0,0,0,0,0,0,0
2019/4/14,0,0.07,0,0,0.07,0,0,0,0,0,0,0.93,0,0,0,0,0.93,0.93,0,0,0.07,0,0,0,0,0,0,0
2019/4/15,0,0.08,0,0,0.08,0,0,0,0,0,0,0.92,0,0,0,0,0.92,0.92,0,0,0.08,0,0,0,0,0,0,0
2019/4/16,0,0.08,0,0,0.08,0,0,0,0,0,0,0.92,0,0,0,0,0.92,0.92,0,0,0.08,0,0,0,0,0,0,0
2019/4/17,0,0.08,0,0,0.08,0,0,0,0,0,0,0.92,0,0,0,0,0.92,0.92,0,0,0.08,0,0,0,0,0,0,0
2019/4/18,0,0.08,0,0,0.08,0,0,0,0,0,0,0.92,0,0,0,0,0.92,0.92,0,0,0.08,0,0,0,0,0,0,0
2019/4/19,0,0.09,0,0,0.09,0,0,0,0,0,0,0.91,0,0,0,0,0.91,0.91,0,0,0.09,0,0,0,0,0,0,0
2019/4/20,0,0.09,0,0,0.09,0,0,0,0,0,0,0.91,0,0,0,0,0.91,0.91,0,0,0.09,0,0,0,0,0,0,0
2019/4/21,0,0.09,0,0,0.09,0,0,0,0,0,0,0.91,0,0,0,0,0.91,0.91,0,0,0.09,0,0,0,0,0,0,0
2019/4/22,0,0.09,0,0,0.09,0,0,0,0,0,0,0.91,0,0,0,0,0.91,0.91,0,0,0.09,0,0,0,0,0,0,0
2019/4/23,0,0.1,0,0,0.1,0,0,0,0,0,0,0.9,0,0,0,0,0.9,0.9,0,0,0.1,0,0,0,0,0,0,0
2019/4/24,0,0.1,0,0,0.1,0,0,0,0,0,0,0.9,0,0,0,0,0.9,0.9,0,0,0.1,0,0,0,0,0,0,0
2019/4/25,0,0.1,0,0,0.1,0,0,0,0,0,0,0.9,0,0,0,0,0.9,0.9,0,0,0.1,0,0,0,0,0,0,0
2019/4/26,0,0.11,0,0,0.11,0,0,0,0,0,0,0.89,0,0,0,0,0.89,0.89,0,0,0.11,0,0,0,0,0,0,0
2019/4/27,0,0.11,0,0,0.11,0,0,0,0,0,0,0.89,0,0,0,0,0.89,0.89,0,0,0.11,0,0,0,0,0,0,0
2019/4/28,0,0.11,0,0,0.11,0,0,0,0,0,0,0.89,0,0,0,0,0.89,0.89,0,0,0.11,0,0,0,0,0,0,0
2019/4/29,0,0.11,0,0,0.11,0,0,0,0,0,0,0.89,0,0,0,0,0.89,0.89,0,0,0.11,0,0,0,0,0,0,0
2019/4/30,0,0.12,0,0,0.12,0,0,0,0,0,0,0.88,0,0,0,0,0.88,0.88,0,0,0.12,0,0,0,0,0,0,0
2019/5/1,0,0.12,0,0,0.12,0,0,0,0,0,0,0.88,0,0,0,0,0.88,0.88,0,0,0.12,0,0,0,0,0,0,0
2019/5/2,0,0.12,0,0,0.12,0,0,0,0,0,0,0.88,0,0,0,0,0.88,0.88,0,0,0.12,0,0,0,0,0,0,0
2019/5/3,0,0.12,0,0,0.12,0,0,0,0,0,0,0.88,0,0,0,0,0.88,0.88,0,0,0.12,0,0,0,0,0,0,0
2019/5/4,0,0.13,0,0,0.13,0,0,0,0,0,0,0.87,0,0,0,0,0.87,0.87,0,0,0.13,0,0,0,0,0,0,0
2019/5/5,0,0.13,0,0,0.13,0,0,0,0,0,0,0.87,0,0,0,0,0.87,0.87,0,0,0.13,0,0,0,0,0,0,0
2019/5/6,0,0.13,0,0,0.13,0,0,0,0,0,0,0.87,0,0,0,0,0.87,0.87,0,0,0.13,0,0,0,0,0,0,0
2019/5/7,0,0.13,0,0,0.13,0,0,0,0,0,0,0.87,0,0,0,0,0.87,0.87,0,0,0.13,0,0,0,0,0,0,0
2019/5/8,0,0.14,0,0,0.14,0,0,0,0,0,0,0.86,0,0,0,0,0.86,0.86,0,0,0.14,0,0,0,0,0,0,0
2019/5/9,0,0.14,0,0,0.14,0,0,0,0,0,0,0.86,0,0,0,0,0.86,0.86,0,0,0.14,0,0,0,0,0,0,0
2019/5/10,0,0.14,0,0,0.14,0,0,0,0,0,0,0.86,0,0,0,0,0.86,0.86,0,0,0.14,0,0,0,0,0,0,0
2019/5/11,0,0.15,0,0,0.15,0,0,0,0,0,0,0.85,0,0,0,0,0.85,0.85,0,0,0.15,0,0,0,0,0,0,0
2019/5/12,0,0.15,0,0,0.15,0,0,0,0,0,0,0.85,0,0,0,0,0.85,0.85,0,0,0.15,0,0,0,0,0,0,0
2019/5/13,0,0.15,0,0,0.15,0,0,0,0,0,0,0.85,0,0,0,0,0.85,0.85,0,0,0.15,0,0,0,0,0,0,0
2019/5/14,0,0.15,0,0,0.15,0,0,0,0,0,0,0.85,0,0,0,0,0.85,0.85,0,0,0.15,0,0,0,0,0,0,0
2019/5/15,0,0.16,0,0,0.16,0,0,0,0,0,0,0.84,0,0,0,0,0.84,0.84,0,0,0.16,0,0,0,0,0,0,0
2019/5/16,0,0.16,0,0,0.16,0,0,0,0,0,0,0.84,0,0,0,0,0.84,0.84,0,0,0.16,0,0,0,0,0,0,0
2019/5/17,0,0.16,0,0,0.16,0,0,0,0,0,0,0.84,0,0,0,0,0.84,0.84,0,0,0.16,0,0,0,0,0,0,0
2019/5/18,0,0.16,0,0,0.16,0,0,0,0,0,0,0.84,0,0,0,0,0.84,0.84,0,0,0.16,0,0,0,0,0,0,0
2019/5/19,0,0.17,0,0,0.17,0,0,0,0,0,0,0.83,0,0,0,0,0.83,0.83,0,0,0.17,0,0,0,0,0,0,0
2019/5/20,0,0.17,0,0,0.17,0,0,0,0,0,0,0.83,0,0,0,0,0.83,0.83,0,0,0.17,0,0,0,0,0,0,0
2019/5/21,0,0.17,0,0,0.17,0,0,0,0,0,0,0.83,0,0,0,0,0.83,0.83,0,0,0.17,0,0,0,0,0,0,0
2019/5/22,0,0.18,0,0,0.18,0,0,0,0,0,0,0.82,0,0,0,0,0.82,0.82,0,0,0.18,0,0,0,0,0,0,0
2019/5/23,0,0.18,0,0,0.18,0,0,0,0,0,0,0.82,0,0,0,0,0.82,0.82,0,0,0.18,0,0,0,0,0,0,0
2019/5/24,0,0.18,0,0,0.18,0,0,0,0,0,0,0.82,0,0,0,0,0.82,0.82,0,0,0.18,0,0,0,0,0,0,0
2019/5/25,0,0.18,0,0,0.18,0,0,0,0,0,0,0.82,0,0,0,0,0.82,0.82,0,0,0.18,0,0,0,0,0,0,0
2019/5/26,0,0.19,0,0,0.19,0,0,0,0,0,0,0.81,0,0,0,0,0.81,0.81,0,0,0.19,0,0,0,0,0,0,0
2019/5/27,0,0.19,0,0,0.19,0,0,0,0,0,0,0.81,0,0,0,0,0.81,0.81,0,0,0.19,0,0,0,0,0,0,0
2019/5/28,0,0.19,0,0,0.19,0,0,0,0,0,0,0.81,0,0,0,0,0.81,0.81,0,0,0.19,0,0,0,0,0,0,0
2019/5/29,0,0.19,0,0,0.19,0,0,0,0,0,0,0.81,0,0,0,0,0.81,0.81,0,0,0.19,0,0,0,0,0,0,0
2019/5/30,0,0.2,0,0,0.2,0,0,0,0,0,0,0.8,0,0,0,0,0.8,0.8,0,0,0.2,0,0,0,0,0,0,0
2019/5/31,0,0.2,0,0,0.2,0,0,0,0,0,0,0.8,0,0,0,0,0.8,0.8,0,0,0.2,0,0,0,0,0,0,0
2019/6/1,0,0.2,0,0,0.2,0,0,0,0,0,0,0.8,0,0,0,0,0.8,0.8,0,0,0.2,0,0,0,0,0,0,0
2019/6/2,0,0.2,0,0,0.2,0,0,0,0,0,0,0.8,0,0,0,0,0.8,0.8,0,0,0.2,0,0,0,0,0,0,0
2019/6/3,0,0.21,0,0,0.21,0,0,0,0,0,0,0.79,0,0,0,0,0.79,0.79,0,0,0.21,0,0,0,0,0,0,0
2019/6/4,0,0.21,0,0,0.21,0,0,0,0,0,0,0.79,0,0,0,0,0.79,0.79,0,0,0.21,0,0,0,0,0,0,0
2019/6/5,0,0.21,0,0,0.21,0,0,0,0,0,0,0.79,0,0,0,0,0.79,0.79,0,0,0.21,0,0,0,0,0,0,0
2019/6/6,0,0.22,0,0,0.22,0,0,0,0,0,0,0.78,0,0,0,0,0.78,0.78,0,0,0.22,0,0,0,0,0,0,0
2019/6/7,0,0.22,0,0,0.22,0,0,0,0,0,0,0.78,0,0,0,0,0.78,0.78,0,0,0.22,0,0,0,0,0,0,0
2019/6/8,0,0.22,0,0,0.22,0,0,0,0,0,0,0.78,0,0,0,0,0.78,0.78,0,0,0.22,0,0,0,0,0,0,0
2019/6/9,0,0.22,0,0,0.22,0,0,0,0,0,0,0.78,0,0,0,0,0.78,0.78,0,0,0.22,0,0,0,0,0,0,0
2019/6/10,0,0.23,0,0,0.23,0,0,0,0,0,0,0.77,0,0,0,0,0.77,0.77,0,0,0.23,0,0,0,0,0,0,0
2019/6/11,0,0.23,0,0,0.23,0,0,0,0,0,0,0.77,0,0,0,0,0.77,0.77,0,0,0.23,0,0,0,0,0,0,0
2019/6/12,0,0.23,0,0,0.23,0,0,0,0,0,0,0.77,0,0,0,0,0.77,0.77,0,0,0.23,0,0,0,0,0,0,0
2019/6/13,0,0.23,0,0,0.23,0,0,0,0,0,0,0.77,0,0,0,0,0.77,0.77,0,0,0.23,0,0,0,0,0,0,0
2019/6/14,0,0.24,0,0,0.24,0,0,0,0,0,0,0.76,0,0,0,0,0.76,0.76,0,0,0.24,0,0,0,0,0,0,0
2019/6/15,0,0.24,0,0,0.24,0,0,0,0,0,0,0.76,0,0,0,0,0.76,0.76,0,0,0.24,0,0,0,0,0,0,0
2019/6/16,0,0.24,0,0,0.24,0,0,0,0,0,0,0.76,0,0,0,0,0.76,0.76,0,0,0.24,0,0,0,0,0,0,0
2019/6/17,0,0.25,0,0,0.25,0,0,0,0,0,0,0.75,0,0,0,0,0.75,0.75,0,0,0.25,0,0,0,0,0,0,0
2019/6/18,0,0.25,0,0,0.25,0,0,0,0,0,0,0.75,0,0,0,0,0.75,0.75,0,0,0.25,0,0,0,0,0,0,0
2019/6/19,0,0.25,0,0,0.25,0,0,0,0,0,0,0.75,0,0,0,0,0.75,0.75,0,0,0.25,0,0,0,0,0,0,0
2019/6/20,0,0.25,0,0,0.25,0,0,0,0,0,0,0.75,0,0,0,0,0.75,0.75,0,0,0.25,0,0,0,0,0,0,0
2019/6/21,0,0.26,0,0,0.26,0,0,0,0,0,0,0.74,0,0,0,0,0.74,0.74,0,0,0.26,0,0,0,0,0,0,0
2019/6/22,0,0.26,0,0,0.26,0,0,0,0,0,0,0.74,0,0,0,0,0.74,0.74,0,0,0.26,0,0,0,0,0,0,0
2019/6/23,0,0.26,0,0,0.26,0,0,0,0,0,0,0.74,0,0,0,0,0.74,0.74,0,0,0.26,0,0,0,0,0,0,0
2019/6/24,0,0.26,0,0,0.26,0,0,0,0,0,0,0.74,0,0,0,0,0.74,0.74,0,0,0.26,0,0,0,0,0,0,0
2019/6/25,0,0.27,0,0,0.27,0,0,0,0,0,0,0.73,0,0,0,0,0.73,0.73,0,0,0.27,0,0,0,0,0,0,0
2019/6/26,0,0.27,0,0,0.27,0,0,0,0,0,0,0.73,0,0,0,0,0.73,0.73,0,0,0.27,0,0,0,0,0,0,0
2019/6/27,0,0.27,0,0,0.27,0,0,0,0,0,0,0.73,0,0,0,0,0.73,0.73,0,0,0.27,0,0,0,0,0,0,0
2019/6/28,0,0.27,0,0,0.27,0,0,0,0,0,0,0.73,0,0,0,0,0.73,0.73,0,0,0.27,0,0,0,0,0,0,0
2019/6/29,0,0.28,0,0,0.28,0,0,0,0,0,0,0.72,0,0,0,0,0.72,0.72,0,0,0.28,0,0,0,0,0,0,0
2019/6/30,0,0.28,0,0,0.28,0,0,0,0,0,0,0.72,0,0,0,0,0.72,0.72,0,0,0.28,0,0,0,0,0,0,0
2019/7/1,0,0.28,0,0,0.28,0,0,0,0,0,0,0.72,0,0,0,0,0.72,0.72,0,0,0.28,0,0,0,0,0,0,0
2019/7/2,0,0.29,0,0,0.29,0,0,0,0,0,0,0.71,0,0,0,0,0.71,0.71,0,0,0.29,0,0,0,0,0,0,0
2019/7/3,0,0.29,0,0,0.29,0,0,0,0,0,0,0.71,0,0,0,0,0.71,0.71,0,0,0.29,0,0,0,0,0,0,0
2019/7/4,0,0.29,0,0,0.29,0,0,0,0,0,0,0.71,0,0,0,0,0.71,0.71,0,0,0.29,0,0,0,0,0,0,0
2019/7/5,0,0.29,0,0,0.29,0,0,0,0,0,0,0.71,0,0,0,0,0.71,0.71,0,0,0.29,0,0,0,0,0,0,0
2019/7/6,0,0.3,0,0,0.3,0,0,0,0,0,0,0.7,0,0,0,0,0.7,0.7,0,0,0.3,0,0,0,0,0,0,0
2019/7/7,0,0.3,0,0,0.3,0,0,0,0,0,0,0.7,0,0,0,0,0.7,0.7,0,0,0.3,0,0,0,0,0,0,0
2019/7/8,0,0.3,0,0,0.3,0,0,0,0,0,0,0.7,0,0,0,0,0.7,0.7,0,0,0.3,0,0,0,0,0,0,0
2019/7/9,0,0.3,0,0,0.3,0,0,0,0,0,0,0.7,0,0,0,0,0.7,0.7,0,0,0.3,0,0,0,0,0,0,0
2019/7/10,0,0.31,0,0,0.31,0,0,0,0,0,0,0.69,0,0,0,0,0.69,0.69,0,0,0.31,0,0,0,0,0,0,0
2019/7/11,0,0.31,0,0,0.31,0,0,0,0,0,0,0.69,0,0,0,0,0.69,0.69,0,0,0.31,0,0,0,0,0,0,0
2019/7/12,0,0.31,0,0,0.31,0,0,0,0,0,0,0.69,0,0,0,0,0.69,0.69,0,0,0.31,0,0,0,0,0,0,0
2019/7/13,0,0.32,0,0,0.32,0,0,0,0,0,0,0.68,0,0,0,0,0.68,0.68,0,0,0.32,0,0,0,0,0,0,0
2019/7/14,0,0.32,0,0,0.32,0,0,0,0,0,0,0.68,0,0,0,0,0.68,0.68,0,0,0.32,0,0,0,0,0,0,0
2019/7/15,0,0.32,0,0,0.32,0,0,0,0,0,0,0.68,0,0,0,0,0.68,0.68,0,0,0.32,0,0,0,0,0,0,0
2019/7/16,0,0.32,0,0,0.32,0,0,0,0,0,0,0.68,0,0,0,0,0.68,0.68,0,0,0.32,0,0,0,0,0,0,0
2019/7/17,0,0.33,0,0,0.33,0,0,0,0,0,0,0.67,0,0,0,0,0.67,0.67,0,0,0.33,0,0,0,0,0,0,0
2019/7/18,0,0.33,0,0,0.33,0,0,0,0,0,0,0.67,0,0,0,0,0.67,0.67,0,0,0.33,0,0,0,0,0,0,0
2019/7/19,0,0.33,0,0,0.33,0,0,0,0,0,0,0.67,0,0,0,0,0.67,0.67,0,0,0.33,0,0,0,0,0,0,0
2019/7/20,0,0.33,0,0,0.33,0,0,0,0,0,0,0.67,0,0,0,0,0.67,0.67,0,0,0.33,0,0,0,0,0,0,0
2019/7/21,0,0.34,0,0,0.34,0,0,0,0,0,0,0.66,0,0,0,0,0.66,0.66,0,0,0.34,0,0,0,0,0,0,0
2019/7/22,0,0.34,0,0,0.34,0,0,0,0,0,0,0.66,0,0,0,0,0.66,0.66,0,0,0.34,0,0,0,0,0,0,0
2019/7/23,0,0.34,0,0,0.34,0,0,0,0,0,0,0.66,0,0,0,0,0.66,0.66,0,0,0.34,0,0,0,0,0,0,0
2019/7/24,0,0.35,0,0,0.35,0,0,0,0,0,0,0.65,0,0,0,0,0.65,0.65,0,0,0.35,0,0,0,0,0,0,0
2019/7/25,0,0.35,0,0,0.35,0,0,0,0,0,0,0.65,0,0,0,0,0.65,0.65,0,0,0.35,0,0,0,0,0,0,0
2019/7/26,0,0.35,0,0,0.35,0,0,0,0,0,0,0.65,0,0,0,0,0.65,0.65,0,0,0.35,0,0,0,0,0,0,0
2019/7/27,0,0.35,0,0,0.35,0,0,0,0,0,0,0.65,0,0,0,0,0.65,0.65,0,0,0.35,0,0,0,0,0,0,0
2019/7/28,0,0.36,0,0,0.36,0,0,0,0,0,0,0.64,0,0,0,0,0.64,0.64,0,0,0.36,0,0,0,0,0,0,0
2019/7/29,0,0.36,0,0,0.36,0,0,0,0,0,0,0.64,0,0,0,0,0.64,0.64,0,0,0.36,0,0,0,0,0,0,0
2019/7/30,0,0.36,0,0,0.36,0,0,0,0,0,0,0.64,0,0,0,0,0.64,0.64,0,0,0.36,0,0,0,0,0,0,0
2019/7/31,0,0.36,0,0,0.36,0,0,0,0,0,0,0.64,0,0,0,0,0.64,0.64,0,0,0.36,0,0,0,0,0,0,0
2019/8/1,0,0.37,0,0,0.37,0,0,0,0,0,0,0.63,0,0,0,0,0.63,0.63,0,0,0.37,0,0,0,0,0,0,0
2019/8/2,0,0.37,0,0,0.37,0,0,0,0,0,0,0.63,0,0,0,0,0.63,0.63,0,0,0.37,0,0,0,0,0,0,0
2019/8/3,0,0.37,0,0,0.37,0,0,0,0,0,0,0.63,0,0,0,0,0.63,0.63,0,0,0.37,0,0,0,0,0,0,0
2019/8/4,0,0.37,0,0,0.37,0,0,0,0,0,0,0.63,0,0,0,0,0.63,0.63,0,0,0.37,0,0,0,0,0,0,0
2019/8/5,0,0.38,0,0,0.38,0,0,0,0,0,0,0.62,0,0,0,0,0.62,0.62,0,0,0.38,0,0,0,0,0,0,0
2019/8/6,0,0.38,0,0,0.38,0,0,0,0,0,0,0.62,0,0,0,0,0.62,0.62,0,0,0.38,0,0,0,0,0,0,0
2019/8/7,0,0.38,0,0,0.38,0,0,0,0,0,0,0.62,0,0,0,0,0.62,0.62,0,0,0.38,0,0,0,0,0,0,0
2019/8/8,0,0.39,0,0,0.39,0,0,0,0,0,0,0.61,0,0,0,0,0.61,0.61,0,0,0.39,0,0,0,0,0,0,0
2019/8/9,0,0.39,0,0,0.39,0,0,0,0,0,0,0.61,0,0,0,0,0.61,0.61,0,0,0.39,0,0,0,0,0,0,0
2019/8/10,0,0.39,0,0,0.39,0,0,0,0,0,0,0.61,0,0,0,0,0.61,0.61,0,0,0.39,0,0,0,0,0,0,0
2019/8/11,0,0.39,0,0,0.39,0,0,0,0,0,0,0.61,0,0,0,0,0.61,0.61,0,0,0.39,0,0,0,0,0,0,0
2019/8/12,0,0.4,0,0,0.4,0,0,0,0,0,0,0.6,0,0,0,0,0.6,0.6,0,0,0.4,0,0,0,0,0,0,0
2019/8/13,0,0.4,0,0,0.4,0,0,0,0,0,0,0.6,0,0,0,0,0.6,0.6,0,0,0.4,0,0,0,0,0,0,0
2019/8/14,0,0.4,0,0,0.4,0,0,0,0,0,0,0.6,0,0,0,0,0.6,0.6,0,0,0.4,0,0,0,0,0,0,0
2019/8/15,0,0.4,0,0,0.4,0,0,0,0,0,0,0.6,0,0,0,0,0.6,0.6,0,0,0.4,0,0,0,0,0,0,0
2019/8/16,0,0.41,0,0,0.41,0,0,0,0,0,0,0.59,0,0,0,0,0.59,0.59,0,0,0.41,0,0,0,0,0,0,0
2019/8/17,0,0.41,0,0,0.41,0,0,0,0,0,0,0.59,0,0,0,0,0.59,0.59,0,0,0.41,0,0,0,0,0,0,0
2019/8/18,0,0.41,0,0,0.41,0,0,0,0,0,0,0.59,0,0,0,0,0.59,0.59,0,0,0.41,0,0,0,0,0,0,0
2019/8/19,0,0.42,0,0,0.42,0,0,0,0,0,0,0.58,0,0,0,0,0.58,0.58,0,0,0.42,0,0,0,0,0,0,0
2019/8/20,0,0.42,0,0,0.42,0,0,0,0,0,0,0.58,0,0,0,0,0.58,0.58,0,0,0.42,0,0,0,0,0,0,0
2019/8/21,0,0.42,0,0,0.42,0,0,0,0,0,0,0.58,0,0,0,0,0.58,0.58,0,0,0.42,0,0,0,0,0,0,0
2019/8/22,0,0.42,0,0,0.42,0,0,0,0,0,0,0.58,0,0,0,0,0.58,0.58,0,0,0.42,0,0,0,0,0,0,0
2019/8/23,0,0.43,0,0,0.43,0,0,0,0,0,0,0.57,0,0,0,0,0.57,0.57,0,0,0.43,0,0,0,0,0,0,0
2019/8/24,0,0.43,0,0,0.43,0,0,0,0,0,0,0.57,0,0,0,0,0.57,0.57,0,0,0.43,0,0,0,0,0,0,0
2019/8/25,0,0.43,0,0,0.43,0,0,0,0,0,0,0.57,0,0,0,0,0.57,0.57,0,0,0.43,0,0,0,0,0,0,0
2019/8/26,0,0.43,0,0,0.43,0,0,0,0,0,0,0.57,0,0,0,0,0.57,0.57,0,0,0.43,0,0,0,0,0,0,0
2019/8/27,0,0.44,0,0,0.44,0,0,0,0,0,0,0.56,0,0,0,0,0.56,0.56,0,0,0.44,0,0,0,0,0,0,0
2019/8/28,0,0.44,0,0,0.44,0,0,0,0,0,0,0.56,0,0,0,0,0.56,0.56,0,0,0.44,0,0,0,0,0,0,0
2019/8/29,0,0.44,0,0,0.44,0,0,0,0,0,0,0.56,0,0,0,0,0.56,0.56,0,0,0.44,0,0,0,0,0,0,0
2019/8/30,0,0.44,0,0,0.44,0,0,0,0,0,0,0.56,0,0,0,0,0.56,0.56,0,0,0.44,0,0,0,0,0,0,0
2019/8/31,0,0.45,0,0,0.45,0,0,0,0,0,0,0.55,0,0,0,0,0.55,0.55,0,0,0.45,0,0,0,0,0,0,0
2019/9/1,0,0.45,0,0,0.45,0,0,0,0,0,0,0.55,0,0,0,0,0.55,0.55,0,0,0.45,0,0,0,0,0,0,0
2019/9/2,0,0.45,0,0,0.45,0,0,0,0,0,0,0.55,0,0,0,0,0.55,0.55,0,0,0.45,0,0,0,0,0,0,0
2019/9/3,0,0.46,0,0,0.46,0,0,0,0,0,0,0.54,0,0,0,0,0.54,0.54,0,0,0.46,0,0,0,0,0,0,0
2019/9/4,0,0.46,0,0,0.46,0,0,0,0,0,0,0.54,0,0,0,0,0.54,0.54,0,0,0.46,0,0,0,0,0,0,0
2019/9/5,0,0.46,0,0,0.46,0,0,0,0,0,0,0.54,0,0,0,0,0.54,0.54,0,0,0.46,0,0,0,0,0,0,0
2019/9/6,0,0.46,0,0,0.46,0,0,0,0,0,0,0.54,0,0,0,0,0.54,0.54,0,0,0.46,0,0,0,0,0,0,0
2019/9/7,0,0.47,0,0,0.47,0,0,0,0,0,0,0.53,0,0,0,0,0.53,0.53,0,0,0.47,0,0,0,0,0,0,0
2019/9/8,0,0.47,0,0,0.47,0,0,0,0,0,0,0.53,0,0,0,0,0.53,0.53,0,0,0.47,0,0,0,0,0,0,0
2019/9/9,0,0.47,0,0,0.47,0,0,0,0,0,0,0.53,0,0,0,0,0.53,0.53,0,0,0.47,0,0,0,0,0,0,0
2019/9/10,0,0.47,0,0,0.47,0,0,0,0,0,0,0.53,0,0,0,0,0.53,0.53,0,0,0.47,0,0,0,0,0,0,0
2019/9/11,0,0.48,0,0,0.48,0,0,0,0,0,0,0.52,0,0,0,0,0.52,0.52,0,0,0.48,0,0,0,0,0,0,0
2019/9/12,0,0.48,0,0,0.48,0,0,0,0,0,0,0.52,0,0,0,0,0.52,0.52,0,0,0.48,0,0,0,0,0,0,0
2019/9/13,0,0.48,0,0,0.48,0,0,0,0,0,0,0.52,0,0,0,0,0.52,0.52,0,0,0.48,0,0,0,0,0,0,0
2019/9/14,0,0.49,0,0,0.49,0,0,0,0,0,0,0.51,0,0,0,0,0.51,0.51,0,0,0.49,0,0,0,0,0,0,0
2019/9/15,0,0.49,0,0,0.49,0,0,0,0,0,0,0.51,0,0,0,0,0.51,0.51,0,0,0.49,0,0,0,0,0,0,0
2019/9/16,0,0.49,0,0,0.49,0,0,0,0,0,0,0.51,0,0,0,0,0.51,0.51,0,0,0.49,0,0,0,0,0,0,0
2019/9/17,0,0.49,0,0,0.49,0,0,0,0,0,0,0.51,0,0,0,0,0.51,0.51,0,0,0.49,0,0,0,0,0,0,0
2019/9/18,0,0.5,0,0,0.5,0,0,0,0,0,0,0.5,0,0,0,0,0.5,0.5,0,0,0.5,0,0,0,0,0,0,0
2019/9/19,0,0.5,0,0,0.5,0,0,0,0,0,0,0.5,0,0,0,0,0.5,0.5,0,0,0.5,0,0,0,0,0,0,0
2019/9/20,0,0.5,0,0,0.5,0,0,0,0,0,0,0.5,0,0,0,0,0.5,0.5,0,0,0.5,0,0,0,0,0,0,0
2019/9/21,0,0.5,0,0,0.5,0,0,0,0,0,0,0.5,0,0,0,0,0.5,0.5,0,0,0.5,0,0,0,0,0,0,0
2019/9/22,0,0.51,0,0,0.51,0,0,0,0,0,0,0.49,0,0,0,0,0.49,0.49,0,0,0.51,0,0,0,0,0,0,0
2019/9/23,0,0.51,0,0,0.51,0,0,0,0,0,0,0.49,0,0,0,0,0.49,0.49,0,0,0.51,0,0,0,0,0,0,0
2019/9/24,0,0.51,0,0,0.51,0,0,0,0,0,0,0.49,0,0,0,0,0.49,0.49,0,0,0.51,0,0,0,0,0,0,0
2019/9/25,0,0.51,0,0,0.51,0,0,0,0,0,0,0.49,0,0,0,0,0.49,0.49,0,0,0.51,0,0,0,0,0,0,0
2019/9/26,0,0.52,0,0,0.52,0,0,0,0,0,0,0.48,0,0,0,0,0.48,0.48,0,0,0.52,0,0,0,0,0,0,0
2019/9/27,0,0.52,0,0,0.52,0,0,0,0,0,0,0.48,0,0,0,0,0.48,0.48,0,0,0.52,0,0,0,0,0,0,0
2019/9/28,0,0.52,0,0,0.52,0,0,0,0,0,0,0.48,0,0,0,0,0.48,0.48,0,0,0.52,0,0,0,0,0,0,0
2019/9/29,0,0.53,0,0,0.53,0,0,0,0,0,0,0.47,0,0,0,0,0.47,0.47,0,0,0.53,0,0,0,0,0,0,0
2019/9/30,0,0.53,0,0,0.53,0,0,0,0,0,0,0.47,0,0,0,0,0.47,0.47,0,0,0.53,0,0,0,0,0,0,0
2019/10/1,0,0.53,0,0,0.53,0,0,0,0,0,0,0.47,0,0,0,0,0.47,0.47,0,0,0.53,0,0,0,0,0,0,0
2019/10/2,0,0.53,0,0,0.53,0,0,0,0,0,0,0.47,0,0,0,0,0.47,0.47,0,0,0.53,0,0,0,0,0,0,0
2019/10/3,0,0.54,0,0,0.54,0,0,0,0,0,0,0.46,0,0,0,0,0.46,0.46,0,0,0.54,0,0,0,0,0,0,0
2019/10/4,0,0.54,0,0,0.54,0,0,0,0,0,0,0.46,0,0,0,0,0.46,0.46,0,0,0.54,0,0,0,0,0,0,0
2019/10/5,0,0.54,0,0,0.54,0,0,0,0,0,0,0.46,0,0,0,0,0.46,0.46,0,0,0.54,0,0,0,0,0,0,0
2019/10/6,0,0.54,0,0,0.54,0,0,0,0,0,0,0.46,0,0,0,0,0.46,0.46,0,0,0.54,0,0,0,0,0,0,0
2019/10/7,0,0.55,0,0,0.55,0,0,0,0,0,0,0.45,0,0,0,0,0.45,0.45,0,0,0.55,0,0,0,0,0,0,0
2019/10/8,0,0.55,0,0,0.55,0,0,0,0,0,0,0.45,0,0,0,0,0.45,0.45,0,0,0.55,0,0,0,0,0,0,0
2019/10/9,0,0.55,0,0,0.55,0,0,0,0,0,0,0.45,0,0,0,0,0.45,0.45,0,0,0.55,0,0,0,0,0,0,0
2019/10/10,0,0.56,0,0,0.56,0,0,0,0,0,0,0.44,0,0,0,0,0.44,0.44,0,0,0.56,0,0,0,0,0,0,0
2019/10/11,0,0.56,0,0,0.56,0,0,0,0,0,0,0.44,0,0,0,0,0.44,0.44,0,0,0.56,0,0,0,0,0,0,0
2019/10/12,0,0.56,0,0,0.56,0,0,0,0,0,0,0.44,0,0,0,0,0.44,0.44,0,0,0.56,0,0,0,0,0,0,0
2019/10/13,0,0.56,0,0,0.56,0,0,0,0,0,0,0.44,0,0,0,0,0.44,0.44,0,0,0.56,0,0,0,0,0,0,0
2019/10/14,0,0.57,0,0,0.57,0,0,0,0,0,0,0.43,0,0,0,0,0.43,0.43,0,0,0.57,0,0,0,0,0,0,0
2019/10/15,0,0.57,0,0,0.57,0,0,0,0,0,0,0.43,0,0,0,0,0.43,0.43,0,0,0.57,0,0,0,0,0,0,0
2019/10/16,0,0.57,0,0,0.57,0,0,0,0,0,0,0.43,0,0,0,0,0.43,0.43,0,0,0.57,0,0,0,0,0,0,0
2019/10/17,0,0.57,0,0,0.57,0,0,0,0,0,0,0.43,0,0,0,0,0.43,0.43,0,0,0.57,0,0,0,0,0,0,0
2019/10/18,0,0.58,0,0,0.58,0,0,0,0,0,0,0.42,0,0,0,0,0.42,0.42,0,0,0.58,0,0,0,0,0,0,0
2019/10/19,0,0.58,0,0,0.58,0,0,0,0,0,0,0.42,0,0,0,0,0.42,0.42,0,0,0.58,0,0,0,0,0,0,0
2019/10/20,0,0.58,0,0,0.58,0,0,0,0,0,0,0.42,0,0,0,0,0.42,0.42,0,0,0.58,0,0,0,0,0,0,0
2019/10/21,0,0.58,0,0,0.58,0,0,0,0,0,0,0.42,0,0,0,0,0.42,0.42,0,0,0.58,0,0,0,0,0,0,0
2019/10/22,0,0.59,0,0,0.59,0,0,0,0,0,0,0.41,0,0,0,0,0.41,0.41,0,0,0.59,0,0,0,0,0,0,0
2019/10/23,0,0.59,0,0,0.59,0,0,0,0,0,0,0.41,0,0,0,0,0.41,0.41,0,0,0.59,0,0,0,0,0,0,0
2019/10/24,0,0.59,0,0,0.59,0,0,0,0,0,0,0.41,0,0,0,0,0.41,0.41,0,0,0.59,0,0,0,0,0,0,0
2019/10/25,0,0.6,0,0,0.6,0,0,0,0,0,0,0.4,0,0,0,0,0.4,0.4,0,0,0.6,0,0,0,0,0,0,0
2019/10/26,0,0.6,0,0,0.6,0,0,0,0,0,0,0.4,0,0,0,0,0.4,0.4,0,0,0.6,0,0,0,0,0,0,0
2019/10/27,0,0.6,0,0,0.6,0,0,0,0,0,0,0.4,0,0,0,0,0.4,0.4,0,0,0.6,0,0,0,0,0,0,0
2019/10/28,0,0.6,0,0,0.6,0,0,0,0,0,0,0.4,0,0,0,0,0.4,0.4,0,0,0.6,0,0,0,0,0,0,0
2019/10/29,0,0.61,0,0,0.61,0,0,0,0,0,0,0.39,0,0,0,0,0.39,0.39,0,0,0.61,0,0,0,0,0,0,0
2019/10/30,0,0.61,0,0,0.61,0,0,0,0,0,0,0.39,0,0,0,0,0.39,0.39,0,0,0.61,0,0,0,0,0,0,0
2019/10/31,0,0.61,0,0,0.61,0,0,0,0,0,0,0.39,0,0,0,0,0.39,0.39,0,0,0.61,0,0,0,0,0,0,0
2019/11/1,0,0.61,0,0,0.61,0,0,0,0,0,0,0.39,0,0,0,0,0.39,0.39,0,0,0.61,0,0,0,0,0,0,0
2019/11/2,0,0.62,0,0,0.62,0,0,0,0,0,0,0.38,0,0,0,0,0.38,0.38,0,0,0.62,0,0,0,0,0,0,0
2019/11/3,0,0.62,0,0,0.62,0,0,0,0,0,0,0.38,0,0,0,0,0.38,0.38,0,0,0.62,0,0,0,0,0,0,0
2019/11/4,0,0.62,0,0,0.62,0,0,0,0,0,0,0.38,0,0,0,0,0.38,0.38,0,0,0.62,0,0,0,0,0,0,0
2019/11/5,0,0.63,0,0,0.63,0,0,0,0,0,0,0.37,0,0,0,0,0.37,0.37,0,0,0.63,0,0,0,0,0,0,0
2019/11/6,0,0.63,0,0,0.63,0,0,0,0,0,0,0.37,0,0,0,0,0.37,0.37,0,0,0.63,0,0,0,0,0,0,0
2019/11/7,0,0.63,0,0,0.63,0,0,0,0,0,0,0.37,0,0,0,0,0.37,0.37,0,0,0.63,0,0,0,0,0,0,0
2019/11/8,0,0.63,0,0,0.63,0,0,0,0,0,0,0.37,0,0,0,0,0.37,0.37,0,0,0.63,0,0,0,0,0,0,0
2019/11/9,0,0.64,0,0,0.64,0,0,0,0,0,0,0.36,0,0,0,0,0.36,0.36,0,0,0.64,0,0,0,0,0,0,0
2019/11/10,0,0.64,0,0,0.64,0,0,0,0,0,0,0.36,0,0,0,0,0.36,0.36,0,0,0.64,0,0,0,0,0,0,0
2019/11/11,0,0.64,0,0,0.64,0,0,0,0,0,0,0.36,0,0,0,0,0.36,0.36,0,0,0.64,0,0,0,0,0,0,0
2019/11/12,0,0.64,0,0,0.64,0,0,0,0,0,0,0.36,0,0,0,0,0.36,0.36,0,0,0.64,0,0,0,0,0,0,0
2019/11/13,0,0.65,0,0,0.65,0,0,0,0,0,0,0.35,0,0,0,0,0.35,0.35,0,0,0.65,0,0,0,0,0,0,0
2019/11/14,0,0.65,0,0,0.65,0,0,0,0,0,0,0.35,0,0,0,0,0.35,0.35,0,0,0.65,0,0,0,0,0,0,0
2019/11/15,0,0.65,0,0,0.65,0,0,0,0,0,0,0.35,0,0,0,0,0.35,0.35,0,0,0.65,0,0,0,0,0,0,0
2019/11/16,0,0.65,0,0,0.65,0,0,0,0,0,0,0.35,0,0,0,0,0.35,0.35,0,0,0.65,0,0,0,0,0,0,0
2019/11/17,0,0.66,0,0,0.66,0,0,0,0,0,0,0.34,0,0,0,0,0.34,0.34,0,0,0.66,0,0,0,0,0,0,0
2019/11/18,0,0.66,0,0,0.66,0,0,0,0,0,0,0.34,0,0,0,0,0.34,0.34,0,0,0.66,0,0,0,0,0,0,0
2019/11/19,0,0.66,0,0,0.66,0,0,0,0,0,0,0.34,0,0,0,0,0.34,0.34,0,0,0.66,0,0,0,0,0,0,0
2019/11/20,0,0.67,0,0,0.67,0,0,0,0,0,0,0.33,0,0,0,0,0.33,0.33,0,0,0.67,0,0,0,0,0,0,0
2019/11/21,0,0.67,0,0,0.67,0,0,0,0,0,0,0.33,0,0,0,0,0.33,0.33,0,0,0.67,0,0,0,0,0,0,0
2019/11/22,0,0.67,0,0,0.67,0,0,0,0,0,0,0.33,0,0,0,0,0.33,0.33,0,0,0.67,0,0,0,0,0,0,0
2019/11/23,0,0.67,0,0,0.67,0,0,0,0,0,0,0.33,0,0,0,0,0.33,0.33,0,0,0.67,0,0,0,0,0,0,0
2019/11/24,0,0.68,0,0,0.68,0,0,0,0,0,0,0.32,0,0,0,0,0.32,0.32,0,0,0.68,0,0,0,0,0,0,0
2019/11/25,0,0.68,0,0,0.68,0,0,0,0,0,0,0.32,0,0,0,0,0.32,0.32,0,0,0.68,0,0,0,0,0,0,0
2019/11/26,0,0.68,0,0,0.68,0,0,0,0,0,0,0.32,0,0,0,0,0.32,0.32,0,0,0.68,0,0,0,0,0,0,0
2019/11/27,0,0.68,0,0,0.68,0,0,0,0,0,0,0.32,0,0,0,0,0.32,0.32,0,0,0.68,0,0,0,0,0,0,0
2019/11/28,0,0.69,0,0,0.69,0,0,0,0,0,0,0.31,0,0,0,0,0.31,0.31,0,0,0.69,0,0,0,0,0,0,0
2019/11/29,0,0.69,0,0,0.69,0,0,0,0,0,0,0.31,0,0,0,0,0.31,0.31,0,0,0.69,0,0,0,0,0,0,0
2019/11/30,0,0.69,0,0,0.69,0,0,0,0,0,0,0.31,0,0,0,0,0.31,0.31,0,0,0.69,0,0,0,0,0,0,0
2019/12/1,0,0.7,0,0,0.7,0,0,0,0,0,0,0.3,0,0,0,0,0.3,0.3,0,0,0.7,0,0,0,0,0,0,0
2019/12/2,0,0.7,0,0,0.7,0,0,0,0,0,0,0.3,0,0,0,0,0.3,0.3,0,0,0.7,0,0,0,0,0,0,0
2019/12/3,0,0.7,0,0,0.7,0,0,0,0,0,0,0.3,0,0,0,0,0.3,0.3,0,0,0.7,0,0,0,0,0,0,0
2019/12/4,0,0.7,0,0,0.7,0,0,0,0,0,0,0.3,0,0,0,0,0.3,0.3,0,0,0.7,0,0,0,0,0,0,0
2019/12/5,0,0.71,0,0,0.71,0,0,0,0,0,0,0.29,0,0,0,0,0.29,0.29,0,0,0.71,0,0,0,0,0,0,0
2019/12/6,0,0.71,0,0,0.71,0,0,0,0,0,0,0.29,0,0,0,0,0.29,0.29,0,0,0.71,0,0,0,0,0,0,0
2019/12/7,0,0.71,0,0,0.71,0,0,0,0,0,0,0.29,0,0,0,0,0.29,0.29,0,0,0.71,0,0,0,0,0,0,0
2019/12/8,0,0.71,0,0,0.71,0,0,0,0,0,0,0.29,0,0,0,0,0.29,0.29,0,0,0.71,0,0,0,0,0,0,0
2019/12/9,0,0.72,0,0,0.72,0,0,0,0,0,0,0.28,0,0,0,0,0.28,0.28,0,0,0.72,0,0,0,0,0,0,0
2019/12/10,0,0.72,0,0,0.72,0,0,0,0,0,0,0.28,0,0,0,0,0.28,0.28,0,0,0.72,0,0,0,0,0,0,0
2019/12/11,0,0.72,0,0,0.72,0,0,0,0,0,0,0.28,0,0,0,0,0.28,0.28,0,0,0.72,0,0,0,0,0,0,0
2019/12/12,0,0.73,0,0,0.73,0,0,0,0,0,0,0.27,0,0,0,0,0.27,0.27,0,0,0.73,0,0,0,0,0,0,0
2019/12/13,0,0.73,0,0,0.73,0,0,0,0,0,0,0.27,0,0,0,0,0.27,0.27,0,0,0.73,0,0,0,0,0,0,0
2019/12/14,0,0.73,0,0,0.73,0,0,0,0,0,0,0.27,0,0,0,0,0.27,0.27,0,0,0.73,0,0,0,0,0,0,0
2019/12/15,0,0.73,0,0,0.73,0,0,0,0,0,0,0.27,0,0,0,0,0.27,0.27,0,0,0.73,0,0,0,0,0,0,0
2019/12/16,0,0.74,0,0,0.74,0,0,0,0,0,0,0.26,0,0,0,0,0.26,0.26,0,0,0.74,0,0,0,0,0,0,0
2019/12/17,0,0.74,0,0,0.74,0,0,0,0,0,0,0.26,0,0,0,0,0.26,0.26,0,0,0.74,0,0,0,0,0,0,0
2019/12/18,0,0.74,0,0,0.74,0,0,0,0,0,0,0.26,0,0,0,0,0.26,0.26,0,0,0.74,0,0,0,0,0,0,0
2019/12/19,0,0.74,0,0,0.74,0,0,0,0,0,0,0.26,0,0,0,0,0.26,0.26,0,0,0.74,0,0,0,0,0,0,0
2019/12/20,0,0.75,0,0,0.75,0,0,0,0,0,0,0.25,0,0,0,0,0.25,0.25,0,0,0.75,0,0,0,0,0,0,0
2019/12/21,0,0.75,0,0,0.75,0,0,0,0,0,0,0.25,0,0,0,0,0.25,0.25,0,0,0.75,0,0,0,0,0,0,0
2019/12/22,0,0.75,0,0,0.75,0,0,0,0,0,0,0.25,0,0,0,0,0.25,0.25,0,0,0.75,0,0,0,0,0,0,0
2019/12/23,0,0.75,0,0,0.75,0,0,0,0,0,0,0.25,0,0,0,0,0.25,0.25,0,0,0.75,0,0,0,0,0,0,0
2019/12/24,0,0.76,0,0,0.76,0,0,0,0,0,0,0.24,0,0,0,0,0.24,0.24,0,0,0.76,0,0,0,0,0,0,0
2019/12/25,0,0.76,0,0,0.76,0,0,0,0,0,0,0.24,0,0,0,0,0.24,0.24,0,0,0.76,0,0,0,0,0,0,0
2019/12/26,0,0.76,0,0,0.76,0,0,0,0,0,0,0.24,0,0,0,0,0.24,0.24,0,0,0.76,0,0,0,0,0,0,0
2019/12/27,0,0.77,0,0,0.77,0,0,0,0,0,0,0.23,0,0,0,0,0.23,0.23,0,0,0.77,0,0,0,0,0,0,0
2019/12/28,0,0.77,0,0,0.77,0,0,0,0,0,0,0.23,0,0,0,0,0.23,0.23,0,0,0.77,0,0,0,0,0,0,0
2019/12/29,0,0.77,0,0,0.77,0,0,0,0,0,0,0.23,0,0,0,0,0.23,0.23,0,0,0.77,0,0,0,0,0,0,0
2019/12/30,0,0.77,0,0,0.77,0,0,0,0,0,0,0.23,0,0,0,0,0.23,0.23,0,0,0.77,0,0,0,0,0,0,0
2019/12/31,0,0.78,0,0,0.78,0,0,0,0,0,0,0.22,0,0,0,0,0.22,0.22,0,0,0.78,0,0,0,0,0,0,0
2020/1/1,0,0.78,0,0,0.78,0,0,0,0,0,0,0.22,0,0,0,0,0.22,0.22,0,0,0.78,0,0,0,0,0,0,0
2020/1/2,0,0.78,0,0,0.78,0,0,0,0,0,0,0.22,0,0,0,0,0.22,0.22,0,0,0.78,0,0,0,0,0,0,0
2020/1/3,0,0.78,0,0,0.78,0,0,0,0,0,0,0.22,0,0,0,0,0.22,0.22,0,0,0.78,0,0,0,0,0,0,0
2020/1/4,0,0.79,0,0,0.79,0,0,0,0,0,0,0.21,0,0,0,0,0.21,0.21,0,0,0.79,0,0,0,0,0,0,0
2020/1/5,0,0.79,0,0,0.79,0,0,0,0,0,0,0.21,0,0,0,0,0.21,0.21,0,0,0.79,0,0,0,0,0,0,0
2020/1/6,0,0.79,0,0,0.79,0,0,0,0,0,0,0.21,0,0,0,0,0.21,0.21,0,0,0.79,0,0,0,0,0,0,0
2020/1/7,0,0.8,0,0,0.8,0,0,0,0,0,0,0.2,0,0,0,0,0.2,0.2,0,0,0.8,0,0,0,0,0,0,0
2020/1/8,0,0.8,0,0,0.8,0,0,0,0,0,0,0.2,0,0,0,0,0.2,0.2,0,0,0.8,0,0,0,0,0,0,0
2020/1/9,0,0.8,0,0,0.8,0,0,0,0,0,0,0.2,0,0,0,0,0.2,0.2,0,0,0.8,0,0,0,0,0,0,0
2020/1/10,0,0.8,0,0,0.8,0,0,0,0,0,0,0.2,0,0,0,0,0.2,0.2,0,0,0.8,0,0,0,0,0,0,0
2020/1/11,0,0.81,0,0,0.81,0,0,0,0,0,0,0.19,0,0,0,0,0.19,0.19,0,0,0.81,0,0,0,0,0,0,0
2020/1/12,0,0.81,0,0,0.81,0,0,0,0,0,0,0.19,0,0,0,0,0.19,0.19,0,0,0.81,0,0,0,0,0,0,0
2020/1/13,0,0.81,0,0,0.81,0,0,0,0,0,0,0.19,0,0,0,0,0.19,0.19,0,0,0.81,0,0,0,0,0,0,0
2020/1/14,0,0.81,0,0,0.81,0,0,0,0,0,0,0.19,0,0,0,0,0.19,0.19,0,0,0.81,0,0,0,0,0,0,0
2020/1/15,0,0.82,0,0,0.82,0,0,0,0,0,0,0.18,0,0,0,0,0.18,0.18,0,0,0.82,0,0,0,0,0,0,0
2020/1/16,0,0.82,0,0,0.82,0,0,0,0,0,0,0.18,0,0,0,0,0.18,0.18,0,0,0.82,0,0,0,0,0,0,0
2020/1/17,0,0.82,0,0,0.82,0,0,0,0,0,0,0.18,0,0,0,0,0.18,0.18,0,0,0.82,0,0,0,0,0,0,0
2020/1/18,0,0.82,0,0,0.82,0,0,0,0,0,0,0.18,0,0,0,0,0.18,0.18,0,0,0.82,0,0,0,0,0,0,0
2020/1/19,0,0.83,0,0,0.83,0,0,0,0,0,0,0.17,0,0,0,0,0.17,0.17,0,0,0.83,0,0,0,0,0,0,0
2020/1/20,0,0.83,0,0,0.83,0,0,0,0,0,0,0.17,0,0,0,0,0.17,0.17,0,0,0.83,0,0,0,0,0,0,0
2020/1/21,0,0.83,0,0,0.83,0,0,0,0,0,0,0.17,0,0,0,0,0.17,0.17,0,0,0.83,0,0,0,0,0,0,0
2020/1/22,0,0.84,0,0,0.84,0,0,0,0,0,0,0.16,0,0,0,0,0.16,0.16,0,0,0.84,0,0,0,0,0,0,0
2020/1/23,0,0.84,0,0,0.84,0,0,0,0,0,0,0.16,0,0,0,0,0.16,0.16,0,0,0.84,0,0,0,0,0,0,0
2020/1/24,0,0.84,0,0,0.84,0,0,0,0,0,0,0.16,0,0,0,0,0.16,0.16,0,0,0.84,0,0,0,0,0,0,0
2020/1/25,0,0.84,0,0,0.84,0,0,0,0,0,0,0.16,0,0,0,0,0.16,0.16,0,0,0.84,0,0,0,0,0,0,0
2020/1/26,0,0.85,0,0,0.85,0,0,0,0,0,0,0.15,0,0,0,0,0.15,0.15,0,0,0.85,0,0,0,0,0,0,0
2020/1/27,0,0.85,0,0,0.85,0,0,0,0,0,0,0.15,0,0,0,0,0.15,0.15,0,0,0.85,0,0,0,0,0,0,0
2020/1/28,0,0.85,0,0,0.85,0,0,0,0,0,0,0.15,0,0,0,0,0.15,0.15,0,0,0.85,0,0,0,0,0,0,0
2020/1/29,0,0.85,0,0,0.85,0,0,0,0,0,0,0.15,0,0,0,0,0.15,0.15,0,0,0.85,0,0,0,0,0,0,0
2020/1/30,0,0.86,0,0,0.86,0,0,0,0,0,0,0.14,0,0,0,0,0.14,0.14,0,0,0.86,0,0,0,0,0,0,0
2020/1/31,0,0.86,0,0,0.86,0,0,0,0,0,0,0.14,0,0,0,0,0.14,0.14,0,0,0.86,0,0,0,0,0,0,0
2020/2/1,0,0.86,0,0,0.86,0,0,0,0,0,0,0.14,0,0,0,0,0.14,0.14,0,0,0.86,0,0,0,0,0,0,0
2020/2/2,0,0.87,0,0,0.87,0,0,0,0,0,0,0.13,0,0,0,0,0.13,0.13,0,0,0.87,0,0,0,0,0,0,0
2020/2/3,0,0.87,0,0,0.87,0,0,0,0,0,0,0.13,0,0,0,0,0.13,0.13,0,0,0.87,0,0,0,0,0,0,0
2020/2/4,0,0.87,0,0,0.87,0,0,0,0,0,0,0.13,0,0,0,0,0.13,0.13,0,0,0.87,0,0,0,0,0,0,0
2020/2/5,0,0.87,0,0,0.87,0,0,0,0,0,0,0.13,0,0,0,0,0.13,0.13,0,0,0.87,0,0,0,0,0,0,0
2020/2/6,0,0.88,0,0,0.88,0,0,0,0,0,0,0.12,0,0,0,0,0.12,0.12,0,0,0.88,0,0,0,0,0,0,0
2020/2/7,0,0.88,0,0,0.88,0,0,0,0,0,0,0.12,0,0,0,0,0.12,0.12,0,0,0.88,0,0,0,0,0,0,0
2020/2/8,0,0.88,0,0,0.88,0,0,0,0,0,0,0.12,0,0,0,0,0.12,0.12,0,0,0.88,0,0,0,0,0,0,0
2020/2/9,0,0.88,0,0,0.88,0,0,0,0,0,0,0.12,0,0,0,0,0.12,0.12,0,0,0.88,0,0,0,0,0,0,0
2020/2/10,0,0.89,0,0,0.89,0,0,0,0,0,0,0.11,0,0,0,0,0.11,0.11,0,0,0.89,0,0,0,0,0,0,0
2020/2/11,0,0.89,0,0,0.89,0,0,0,0,0,0,0.11,0,0,0,0,0.11,0.11,0,0,0.89,0,0,0,0,0,0,0
2020/2/12,0,0.89,0,0,0.89,0,0,0,0,0,0,0.11,0,0,0,0,0.11,0.11,0,0,0.89,0,0,0,0,0,0,0
2020/2/13,0,0.89,0,0,0.89,0,0,0,0,0,0,0.11,0,0,0,0,0.11,0.11,0,0,0.89,0,0,0,0,0,0,0
2020/2/14,0,0.9,0,0,0.9,0,0,0,0,0,0,0.1,0,0,0,0,0.1,0.1,0,0,0.9,0,0,0,0,0,0,0
2020/2/15,0,0.9,0,0,0.9,0,0,0,0,0,0,0.1,0,0,0,0,0.1,0.1,0,0,0.9,0,0,0,0,0,0,0
2020/2/16,0,0.9,0,0,0.9,0,0,0,0,0,0,0.1,0,0,0,0,0.1,0.1,0,0,0.9,0,0,0,0,0,0,0
2020/2/17,0,0.91,0,0,0.91,0,0,0,0,0,0,0.09,0,0,0,0,0.09,0.09,0,0,0.91,0,0,0,0,0,0,0
2020/2/18,0,0.91,0,0,0.91,0,0,0,0,0,0,0.09,0,0,0,0,0.09,0.09,0,0,0.91,0,0,0,0,0,0,0
2020/2/19,0,0.91,0,0,0.91,0,0,0,0,0,0,0.09,0,0,0,0,0.09,0.09,0,0,0.91,0,0,0,0,0,0,0
2020/2/20,0,0.91,0,0,0.91,0,0,0,0,0,0,0.09,0,0,0,0,0.09,0.09,0,0,0.91,0,0,0,0,0,0,0
2020/2/21,0,0.92,0,0,0.92,0,0,0,0,0,0,0.08,0,0,0,0,0.08,0.08,0,0,0.92,0,0,0,0,0,0,0
2020/2/22,0,0.92,0,0,0.92,0,0,0,0,0,0,0.08,0,0,0,0,0.08,0.08,0,0,0.92,0,0,0,0,0,0,0
2020/2/23,0,0.92,0,0,0.92,0,0,0,0,0,0,0.08,0,0,0,0,0.08,0.08,0,0,0.92,0,0,0,0,0,0,0
2020/2/24,0,0.92,0,0,0.92,0,0,0,0,0,0,0.08,0,0,0,0,0.08,0.08,0,0,0.92,0,0,0,0,0,0,0
2020/2/25,0,0.93,0,0,0.93,0,0,0,0,0,0,0.07,0,0,0,0,0.07,0.07,0,0,0.93,0,0,0,0,0,0,0
2020/2/26,0,0.93,0,0,0.93,0,0,0,0,0,0,0.07,0,0,0,0,0.07,0.07,0,0,0.93,0,0,0,0,0,0,0
2020/2/27,0,0.93,0,0,0.93,0,0,0,0,0,0,0.07,0,0,0,0,0.07,0.07,0,0,0.93,0,0,0,0,0,0,0
2020/2/28,0,0.94,0,0,0.94,0,0,0,0,0,0,0.06,0,0,0,0,0.06,0.06,0,0,0.94,0,0,0,0,0,0,0
2020/2/29,0,0.94,0,0,0.94,0,0,0,0,0,0,0.06,0,0,0,0,0.06,0.06,0,0,0.94,0,0,0,0,0,0,0
2020/3/1,0,0.94,0,0,0.94,0,0,0,0,0,0,0.06,0,0,0,0,0.06,0.06,0,0,0.94,0,0,0,0,0,0,0
2020/3/2,0,0.94,0,0,0.94,0,0,0,0,0,0,0.06,0,0,0,0,0.06,0.06,0,0,0.94,0,0,0,0,0,0,0
2020/3/3,0,0.95,0,0,0.95,0,0,0,0,0,0,0.05,0,0,0,0,0.05,0.05,0,0,0.95,0,0,0,0,0,0,0
2020/3/4,0,0.95,0,0,0.95,0,0,0,0,0,0,0.05,0,0,0,0,0.05,0.05,0,0,0.95,0,0,0,0,0,0,0
2020/3/5,0,0.95,0,0,0.95,0,0,0,0,0,0,0.05,0,0,0,0,0.05,0.05,0,0,0.95,0,0,0,0,0,0,0
2020/3/6,0,0.95,0,0,0.95,0,0,0,0,0,0,0.05,0,0,0,0,0.05,0.05,0,0,0.95,0,0,0,0,0,0,0
2020/3/7,0,0.96,0,0,0.96,0,0,0,0,0,0,0.04,0,0,0,0,0.04,0.04,0,0,0.96,0,0,0,0,0,0,0
2020/3/8,0,0.96,0,0,0.96,0,0,0,0,0,0,0.04,0,0,0,0,0.04,0.04,0,0,0.96,0,0,0,0,0,0,0
2020/3/9,0,0.96,0,0,0.96,0,0,0,0,0,0,0.04,0,0,0,0,0.04,0.04,0,0,0.96,0,0,0,0,0,0,0
2020/3/10,0,0.96,0,0,0.96,0,0,0,0,0,0,0.04,0,0,0,0,0.04,0.04,0,0,0.96,0,0,0,0,0,0,0
2020/3/11,0,0.97,0,0,0.97,0,0,0,0,0,0,0.03,0,0,0,0,0.03,0.03,0,0,0.97,0,0,0,0,0,0,0
2020/3/12,0,0.97,0,0,0.97,0,0,0,0,0,0,0.03,0,0,0,0,0.03,0.03,0,0,0.97,0,0,0,0,0,0,0
2020/3/13,0,0.97,0,0,0.97,0,0,0,0,0,0,0.03,0,0,0,0,0.03,0.03,0,0,0.97,0,0,0,0,0,0,0
2020/3/14,0,0.98,0,0,0.98,0,0,0,0,0,0,0.02,0,0,0,0,0.02,0.02,0,0,0.98,0,0,0,0,0,0,0
2020/3/15,0,0.98,0,0,0.98,0,0,0,0,0,0,0.02,0,0,0,0,0.02,0.02,0,0,0.98,0,0,0,0,0,0,0
2020/3/16,0,0.98,0,0,0.98,0,0,0,0,0,0,0.02,0,0,0,0,0.02,0.02,0,0,0.98,0,0,0,0,0,0,0
2020/3/17,0,0.98,0,0,0.98,0,0,0,0,0,0,0.02,0,0,0,0,0.02,0.02,0,0,0.98,0,0,0,0,0,0,0
2020/3/18,0,0.99,0,0,0.99,0,0,0,0,0,0,0.01,0,0,0,0,0.01,0.01,0,0,0.99,0,0,0,0,0,0,0
2020/3/19,0,0.99,0,0,0.99,0,0,0,0,0,0,0.01,0,0,0,0,0.01,0.01,0,0,0.99,0,0,0,0,0,0,0
2020/3/20,0,0.99,0,0,0.99,0,0,0,0,0,0,0.01,0,0,0,0,0.01,0.01,0,0,0.99,0,0,0,0,0,0,0
2020/3/21,0,0.99,0,0,0.99,0,0,0,0,0,0,0.01,0,0,0,0,0.01,0.01,0,0,0.99,0,0,0,0,0,0,0
2020/3/22,0,1,0,0,1,0,0,0,0,0,0,0,0,0,0,0,0,0,0,0,1,0,0,0,0,0,0,0
2020/3/23,0,1,0,0,1,0,0,0,0,0,0,0,0,0,0,0,0,0,0,0,1,0,0,0,0,0,0,0
2020/3/24,0,0.5,0,0,0.5,0,0,0,0,0,0,0.5,0,0,0,0,0.5,0.5,0,0,0.5,0,0,0,0,0,0,0
2020/3/25,0,0,0,0,0,0,0,0,0,0,0,1,0,0,0,0,1,1,0,0,0,0,0,0,0,0,0,0
2020/3/26,0,0,0,0,0,0,0,0,0,0,0,1.5,0,0,0,0,0.5,1,0,0,0,0,0,0,0,0,0,0
2020/3/27,0,0,0,0,0,0,0,0,0,0,0,2,0,0,0,0,0,1,0,0,0,0,0,0,0,0,0,0
2020/3/28,0,1,0,0,1,0,0,0,0,0,0,0,0,0,0,0,0,0,0,0,2,0,0,0,0,0,0,0
2020/3/29,0,0,0,0,0,0,0,0,0,0,0,4,0,0,0,0,4,3,0,0,1,0,0,0,0,0,0,0
2020/3/30,0,0,0,0,0,0,0,0,0,0,0,3,0,0,0,0,0,2,1,0,0,0,0,0,0,0,0,0
2020/3/31,0,0,0,0,0,0,0,0,0,0,0,1,0,0,0,0,0,1,0,0,0,0,0,0,0,0,1,0
2020/4/1,2,0,0,0,0,0,0,0,0,0,0,0,0,0,0,0,1,0,0,0,0,0,0,0,0,0,0,0
2020/4/2,1,0,0,0,0,0,0,0,0,0,0,0,0,0,0,0,2,0,0,0,0,0,0,0,0,0,0,0
2020/4/3,0,0,0,0,0,0,0,0,0,0,0,0,0,0,0,0,1,1,0,0,0,0,0,0,0,0,0,0
2020/4/4,0,0,0,0,1,0,0,0,0,0,0,1,0,0,0,0,0,0,0,0,1,0,0,0,0,0,0,0
2020/4/5,0,0,0,0,0,0,0,0,0,0,0,1,0,0,0,0,0,1,0,0,0,0,0,0,0,0,0,0
2020/4/6,0,0,0,0,0,0,0,0,0,0,0,0.5,0.5,0,0,0,1,0.5,0,0,0.5,0,0,0,0,0,0,0
2020/4/7,0,0,0,0,0,0,0,0,0,0,0,0,1,0,0,0,2,0,0,0,1,0,0,0,0,0,0,0
2020/4/8,0,0,0,0,0,0,0,0,0,0,0,7,0,0,0,1,4,4,0,0,0,0,0,0,0,0,0,2
2020/4/9,0,0,0,0,0,0,0,0,0,0,0,0,0,0,0,0,0,1,0,0,0,0,0,0,0,0,0,0
2020/4/10,0,0,0,1,0,0,0,0,0,0,0,0,0,0,0,0,1,0,0,0,0,0,0,0,0,0,0,0
2020/4/11,0,0,0,1,0.5,0,0,0,0.5,0,0,0,0,0,0,0,1.5,0,0,0,2.5,0,0,0,0,0,0,0.5
2020/4/12,0,0,0,1,1,0,0,0,1,0,0,0,0,0,0,0,2,0,0,0,5,0,0,0,0,0,0,1
2020/4/13,0,0,0,3,1,0,0,0,0,0,0,3,0,0,0,0,1,2,0,0,0,0,0,0,0,0,1,0
2020/4/14,0,0,0,2.33,0.67,0,0,0,0.33,0.33,0,3.67,0,0,0,0,2.33,2.67,0,0,0,0,0,0,0,0,0.67,0
2020/4/15,0,0,0,1.67,0.33,0,0,0,0.67,0.67,0,4.33,0,0,0,0,3.67,3.33,0,0,0,0,0,0,0,0,0.33,0
2020/4/16,0,0,0,1,0,0,0,0,1,1,0,5,0,0,0,0,5,4,0,0,0,0,0,0,0,0,0,0
2020/4/17,0,0,0,1,0,0,0,1,0,0,0,0,0,0,0,0,1,0,1,0,0,0,0,0,0,0,0,0
2020/4/18,0,0,0,0,0,0,0,0,0,0,0,4,0,0,0,0,3,1,0,0,0,0,0,0,0,0,0,0
2020/4/19,0,0,0,0,0,0,0,0,0,0,0,0,0,0,0,0,0,1,1,0,1,0,0,0,0,0,0,0
2020/4/20,0,2,0,0,0,0,0,0,0,0,0,0,0,0,0,0,0,0,0,0,0,0,0,0,0,1,0,0
2020/4/21,0,3,0,1,1,0,0,2,0,1,0,0,0,0,0,0,0,1,2,0,0,0,0,0,0,1,0,0
2020/4/22,0,0,0,0,0,0,0,0,0,0,1,0,0,0,0,0,0,0,0,0,0,0,0,0,0,0,0,0
2020/4/23,0,0,0,3,0,0,0,1,0,0,0,4,0,0,0,0,3,3,0,0,0,0,0,0,0,0,0,0
2020/4/24,0,0,0,0,0,0,0,0,0,0,0,0,0,0,0,0,0,1,0,0,0,0,0,0,0,0,0,0
2020/4/25,0,4,0,3,0,0,0,1,1,1,0,0,0,0,0,0,1,5,0,0,2,0,0,0,0,0,0,0
2020/4/26,0,3,0,0,1,0,0,1,0,0,0,0,0,0,0,0,0,0,0,0,0,0,0,0,0,0,0,0
2020/4/27,0,0,0,3,0,0,0,0,0,0,0,7,0,0,0,0,2,2,0,0,1,0,0,0,0,0,0,0
2020/4/28,0,1,0,1,0,0,0,0,0,0,1,2,0,0,0,0,1,2,0,0,0,0,0,0,0,0,0,0
2020/4/29,0,0,0,1,0,1,0,0,0,0,0,0,0,0,0,0,1,1,0,0,0,0,0,0,0,1,1,0
2020/4/30,0,0,0,1,0,0,0,0,0,0,0,1,0,0,0,0,1,1,0,0,0,0,0,0,0,0,0,0
2020/5/1,0,0,0,1,0,0.5,0,0,0,0,0,1,0,0,0,0,1,1.5,0,0,0,0,0,0,0,0,0,0
2020/5/2,0,0,0,1,0,1,0,0,0,0,0,1,0,0,0,0,1,2,0,0,0,0,0,0,0,0,0,0
2020/5/3,0,0,0,1,1,0,0,0,0,0,0,0,1,0,0,0,0,0,0,0,0,0,0,0,0,0,0,0
2020/5/4,0,0,0,1,0,0,0,0,0,0,0,1,1,0,0,0,1,2,0,0,0,0,0,0,0,0,0,0
2020/5/5,0,0,0,0,0,0,0,0,0,0,0,2,1,0,0,0,1,2,0,0,0,0,0,0,0,0,0,0
2020/5/6,0,0,0,0,0,0,0,0,0,0,0,0,1,0,0,0,0,0,0,0,0,0,0,0,0,0,0,0
2020/5/7,0,0,0,0,0,0,0,0,0,0,0,0,1,0,0,0,0,1,0,0,0,0,0,0,0,0,0,0
2020/5/8,0,0,0,4,0,0,0,0,0,0,0,0,1,0,0,0,1,0,0,0,0,0,0,0,0,0,0,0
2020/5/9,0,0,0,0,0,0,0,0,0,0,0,0,1,0,0,0,0,0,0,0,0,0,0,0,0,0,0,0
2020/5/10,0,0,0,0,0.5,0,0,0,0,0,0,0,1,0,0,0,0.5,0.5,0,0,0,0,0,0,0,0,0,0
2020/5/11,0,0,0,0,1,0,0,0,0,0,0,0,1,0,0,0,1,1,0,0,0,0,0,0,0,0,0,0
2020/5/12,0,0,0,2,0,0,0,0,0,0,0,0,0,0,0,0,0,0,0,0,0,0,0,0,0,0,0,0
2020/5/13,0,0,0,2.5,0,0,0,0,0,0,0,0.5,0,0,0,0,0.25,0.25,0.25,0,0.25,0,0,0,0,0,0,0
2020/5/14,0,0,0,3,0,0,0,0,0,0,0,1,0,0,0,0,0.5,0.5,0.5,0,0.5,0,0,0,0,0,0,0
2020/5/15,0,0,0,3.5,0,0,0,0,0,0,0,1.5,0,0,0,0,0.75,0.75,0.75,0,0.75,0,0,0,0,0,0,0
2020/5/16,0,0,0,4,0,0,0,0,0,0,0,2,0,0,0,0,1,1,1,0,1,0,0,0,0,0,0,0
2020/5/17,0,0,0,1,1,0,0,0,0,0,0,3,0,0,0,0,4,4,0,0,0,0,0,0,0,0,0,0
2020/5/18,0,0,0,1,0,0,0,1,0,0,0,3,1,0,0,0,2,1,0,0,2,0,0,0,0,0,0,0
2020/5/19,0,0,0,2,0,1,0,0,0,1,0,0,0,0,0,0,1,1,0,0,1,0,0,0,0,0,0,0
2020/5/20,0,1,0,1,0,0,0,0,0,0,0,0,1,0,0,0,1,1,0,0,0,0,0,0,0,0,0,0
2020/5/21,0,2,0,4,0,0,0,0,0,0,0,2,0,0,0,0,0,3,0,0,0,0,0,0,0,0,0,0
2020/5/22,0,0,0,2,0,0,0,0,0,0,0,5,0,0,0,0,3,2,0,0,0,0,0,0,0,0,0,0
2020/5/23,0,0,0,0,2,0,0,0,0,1,0,5,1,0,0,0,0,1,0,0,0,0,0,0,0,0,0,0
2020/5/24,0,0,0,0,0,0,0,0,0,1,0,0,0,0,0,1,0,0,1,0,1,0,0,0,0,1,0,0
2020/5/25,0,0,0,1,0,0,0,1,0,0,0,0,1,0,1,0,0,0,0,0,1,0,0,0,0,0,0,0
2020/5/26,0,0,0,1,1,1,0,1,0,0,0,0,1,0,0,0,1,2,0,0,0,0,0,0,0,0,0,0
2020/5/27,0,0,0,2,0,0,0,0,1,0,0,7,0,0,0,1,3,5,0,0,0,0,0,0,0,0,0,0
2020/5/28,0,1,0,0,2,0,0,0,0,0,0,1,1,0,0,0,1,4,0,0,2,0,0,0,0,0,1,0
2020/5/29,0,0.67,0,0.33,2,0,0,0,0,0,0,0.67,1,0,0,0,0.67,2.67,0,0,1.33,0,0,0,0,0,0.67,0
2020/5/30,0,0.33,0,0.67,2,0,0,0,0,0,0,0.33,1,0,0,0,0.33,1.33,0,0,0.67,0,0,0,0,0,0.33,0
2020/5/31,0,0,0,1,2,0,0,0,0,0,0,0,1,0,0,0,0,0,0,0,0,0,0,0,0,0,0,0
2020/6/1,0,0,0,1,0,0,0,0,0,0,0,2,2,0,0,0,1,2,0,0,0,0,0,0,0,1,1,0
2020/6/2,0,0,0,0.5,0,0,0,0,0,0,0,1.5,1,0,0,0,1,1,0,0,0,0,0,0,0,0.5,0.5,0
2020/6/3,0,0,0,0,0,0,0,0,0,0,0,1,0,0,0,0,1,0,0,0,0,0,0,0,0,0,0,0
2020/6/4,0,0,0,1,2,0,0,0,0,0,0,0,0,0,1,0,0,0,0,0,2,0,0,0,0,0,0,0
2020/6/5,0,0,0,0,0,0,0,0,0,0,0,0,0,0,1,0,0,0,0,0,1,0,0,0,0,0,0,0
2020/6/6,0,0,0,3,3,0,0,0,0,0,0,4,0,0,0,0,1,8,0,0,1,0,0,0,0,0,0,0
2020/6/7,0,0,0,2,2,0,0.5,0,0,0,0,2,0,0,0,0,1.5,4,0,0,1.5,0,0,0,0,0,0,0.5
2020/6/8,0,0,0,1,1,0,1,0,0,0,0,0,0,0,0,0,2,0,0,0,2,0,0,0,0,0,0,1
2020/6/9,0,0,0,2,0,0,0,1,0,0,0,3,0,0,0,0,6,6,0,0,1,0,0,0,0,0,0,0
2020/6/10,0,0,0,0,1,0,0,0,0,0,0,0,0,0,0,0,1,0,0,0,1,1,0,0,0,0,1,0
2020/6/11,0,0,0,2,3,0,0,0,0,0,0,1,0,1,0,0,3,2,0,0,1,0,0,0,0,0,0,0
2020/6/12,2,2,0,3,0,0,0,1,2,1,0,0,0,1,0,0,5,2,0,0,2,0,0,0,0,0,0,0
2020/6/13,0,1,0,2,1,0,0,0,0,0,0,0,0,0,0,0,1,1,1,0,0,0,0,0,0,0,0,0
2020/6/14,0,0,0,0,1,0,0,0,0,0,0,0,0,0,0,0,0,0,0,0,0,0,0,0,0,0,0,0
2020/6/15,0,0,0,1,1,0,1,0,0,0,0,9,0,0,0,0,8,3,0,0,0,1,0,0,0,0,0,0
2020/6/16,1,0,0,1,0,0,0,1,0,0,0,6,0,0,0,0,8,2,0,0,0,0,0,0,0,0,0,0
2020/6/17,1,2,0,2,0,0,0,1,1,0,0,1,0,0,0,0,2,3,0,0,0,0,0,0,0,0,0,0
2020/6/18,1,0,0,0,0,0,0,0,0,0,0,0,0,0,0,0,1,1,0,0,0,0,0,0,0,0,0,0
2020/6/19,1,0,0,0,0,0,0,0,0,0,0,0,0,0,0,0,0.5,1,0,0,0,0,0,0,0,0,0,0
2020/6/20,1,0,0,0,0,0,0,0,0,0,0,0,0,0,0,0,0,1,0,0,0,0,0,0,0,0,0,0
2020/6/21,0,1,0,0,1,0,1,1,0,0,0,0,0,0,0,0,0,2,0,0,0,1,0,0,0,0,0,0
2020/6/22,0,0,0,6,0,0,0,0,0,0,0,3,0,2,3,0,6,4,0,0,1,0,0,0,0,0,0,0
2020/6/23,1,0,0,2,0,0,0,0,0,0,0,5,1,1,0,0,8,7,0,0,0,0,0,0,0,0,0,0
2020/6/24,0,0,0,2,1,0,0,0,0,0,0,0,0,0,0,0,0,4,0,0,1,1,0,0,0,0,0,0
2020/6/25,0,0,0,0,0,0,0,0,0,0,0,0,0,0,0,0,0,0,0,0,1,0,0,0,0,0,0,0
2020/6/26,0,0,0,0,0,0,0,1,0,0,0,0,0,0,1,0,0,0,0,0,0,0,0,0,0,0,0,0
2020/6/27,0,0,0,0,0,0,0,0,0,0,0,0,0,0,1,0,0,0,0,0,1,0,0,0,0,0,0,0
2020/6/28,0,0,0,1,0,0,0,0,0,0,0,0,0,0,0,0,0,2,0,0,0,0,0,0,0,2,0,0
2020/6/29,0,0,0,0.5,0,0,0.5,0,0,0,0,0,0,0,0,0,0,1,0,0,0,0,0,0,0,1,0,0
2020/6/30,0,0,0,0,0,0,1,0,0,0,0,0,0,0,0,0,0,0,0,0,0,0,0,0,0,0,0,0
2020/7/1,3,0,0,1,0,0,0,0,0,0,0,1,0,0,0,0,5,9,0,0,0,0,0,0,0,0,0,0
2020/7/2,4,0,0,0,0,1,0,0,0,0,0,1,0,0,0,0,3,3,0,0,2,0,0,0,0,0,0,0
2020/7/3,0,2,0,3,0,0,0,0,0,0,0,2,0,0,0,0,2,5,0,0,0,0,0,0,0,0,0,0
2020/7/4,0,0,0,0,0,0,0,0,0,0,0,2,0,0,0,0,2,2,0,0,0,0,0,0,0,0,0,0
2020/7/5,0,0,0,0,0,0,0,1,0,0,0,0,0,0,1,0,0,0,0,0,1,0,0,0,0,0,0,0
2020/7/6,1,0,0,0,1,0,0,0,0,0,0,0,0,0,0,0,1,1,0,0,1,0,0,0,0,0,0,0
2020/7/7,0,5,0,2,0,0,0,1,1,2,0,0,0,0,3,0,5,4,0,0,0,0,0,0,0,0,0,1
2020/7/8,4,4,0,0,4,0,0,2,0,1,0,0,1,1,0,0,1,12,1,0,2,0,0,0,0,1,0,0
2020/7/9,0,0,0,0,0,0,0,0,0,0,0,2,0,0,0,0,2,2,0,0,0,0,0,0,0,0,0,0
2020/7/10,4,0,0,0,0,0,0,0,0,0,0,0,0,0,0,0,0,3,0,0,0,0,0,0,0,0,0,0
2020/7/11,0,2,0,1,2,0,1,2,0,1,0,0,0,0,2,0,0,0,1,0,2,1,0,0,0,1,1,1
2020/7/12,0,0,0,0,0,0,0,0,0,0,0,0,0,0,0,0,0,0,0,0,1,0,0,0,0,1,0,1
2020/7/13,0,0,0,0,4,0,0,1,0,0,0,0,0,0,0,0,1,0,0,0,0,2,0,0,0,1,0,0
2020/7/14,0,9,0,5,0,0,0,2,0,0,0,0,0,0,5,0,2,9,0,0,2,0,0,0,0,0,0,0
2020/7/15,2,0,0,0,1,0,0,0,0,0,0,0,0,0,0,0,1,2,0,0,0,0,0,0,0,0,0,0
2020/7/16,0,0,0,0,0,0,0,1,0,0,0,0,0,0,0,0,0,0,0,0,0,0,0,0,0,0,0,0
2020/7/17,0,0,0,1,0.5,0,0,1.5,0,0,0,1,0.5,0,0.5,0,0.5,2.5,0,0,1,0,0,0,0,0,0,0
2020/7/18,0,0,0,2,1,0,0,2,0,0,0,2,1,0,1,0,1,5,0,0,2,0,0,0,0,0,0,0
2020/7/19,1,0,0,2,1,0,0,1,0,0,0,0,0,0,0,0,0,0,0,0,0,0,0,0,0,0,0,0
2020/7/20,0,8,0,5,5,0,0,1,0,0,0,2,0,0,0,0,0,8,0,0,0,0,0,0,0,0,0,1
2020/7/21,0,0,0,1,1,0,0,0,0,0,0,0,0,0,0,1,1,1,1,0,1,0,0,0,0,1,0,0
2020/7/22,0,0,0,1,1,0,1,1,0,0,0,0,1,0,0,0,0,1,0,0,0,1,0,0,0,1,1,0
2020/7/23,0,0,0,1,0.5,0,0.5,0.5,0,0,0,0,0.5,0,0,0.5,0,0.5,0,0,0,0.5,0,0,0,0.5,0.5,0.5
2020/7/24,0,0,0,1,0,0,0,0,0,0,0,0,0,0,0,1,0,0,0,0,0,0,0,0,0,0,0,1
2020/7/25,0,4,0,0.5,2.5,0,0,1,0,0,0,0,0,0,0,0.5,0,1,0,0,0,0,0,0,0,0,0,0.5
2020/7/26,0,8,0,0,5,0,0,2,0,0,0,0,0,0,0,0,0,2,0,0,0,0,0,0,0,0,0,0
2020/7/27,2,0,0,3,0,0,0,0,0,0,0,0,0,0,0,0,3,1,0,0,0,0,0,0,0,0,0,0
2020/7/28,0,0,0,0,0,0,0,0,0,0,0,0,0,0,0,0,1,1,0,0,0,1,0,0,0,0,0,0
2020/7/29,2,0,0,0,0,0,0,0,0,0,1,0,0,1,0,0,1,3,0,0,1,0,0,0,0,1,0,0
2020/7/30,0,0,0,0,1,0,0,0,0,0,0,0,0,0,0,0,0,0,0,0,0,0,0,0,0,0,0,0
2020/7/31,1,0,0,3,0,0,0,0,0,0,0,0,0,0,0,0,0,3,0,0,1,0,0,0,0,0,0,1
2020/8/1,0.5,0,0,2.5,0,0,0,0,0,0,0,0,0.5,0,0,0,0,1.5,0,0,0.5,0,0,0,0,0,0,1
2020/8/2,0,0,0,2,0,0,0,0,0,0,0,0,1,0,0,0,0,0,0,0,0,0,0,0,0,0,0,1
2020/8/3,0,0,0,0,1,0,0,0,0,0,0,0,1,0,1,0,0,0,0,0,1,0,0,0,0,0,0,0
2020/8/4,0,0,0,2,1,1,0,1,0,0,0,0,2,0,0,0,0,0,1,0,0,0,0,0,0,0,0,0
2020/8/5,0,0,0,2,2,0,0,0,0,0,0,0,4,0,0,0,0,0,0,0,0,0,0,0,0,0,0,1
2020/8/6,0,8,0,5,1,0,0,2,0,0,0,1,2,0,2,0,1,1,0,0,0,0,0,0,0,1,0,1
2020/8/7,0,0,0,0,1,0,0,0,0,0,0,2,2,0,0,0,2,2,0,0,0,0,0,0,0,1,0,0
2020/8/8,0,0,0,1,0,0,0,1,0,0,0,0,1,0,0,0,0,0,0,0,1,0,0,0,0,0,0,1
2020/8/9,0,0,0,0,1,0,0,1,0,0,0,0,1,0,1,0,0,0,0,0,1,0,0,0,0,0,0,0
2020/8/10,0,0,0,3,2,0,0,2,0,0,0,3,1,0,1,0,3,7,0,0,0,0,0,0,0,0,0,0
2020/8/11,0,6,0,3,2,0,0,0,0,1,0,4,1,0,2,0,7,5,0,0,0,0,1,0,0,1,0,0
2020/8/12,0,2,0,3,2,2,0,1,0,0,0,3,2,0,1,1,4,5,0,0,0,0,0,1,0,1,0,1
2020/8/13,0,2,0,1,3,0,2,3,0,0,0,0,3,0,0,1,0,0,1,0,0,0,0,0,0,2,0,0
2020/8/14,0,7,0,0,4,0,0,2,0,2,0,0,2,0,0,0,0,5,0,0,0,0,1,0,0,0,0,0
2020/8/15,0,0,0,1,4,0,0,1,0,0,0,0,1,0,0,0,0,0,0,0,0,0,0,0,0,0,0,1
2020/8/16,0,0,0,1,2,0,0,0,0,0,0,0,1,0,0,0,0,0,0,0,0,0,0,0,0,0,0,0
2020/8/17,0,8,0,7,1,1,1,0,1,0,0,3,2,0,0,1,4,6,0,0,1,0,1,1,0,0,1,0
2020/8/18,2,0,0,3,1,0,0,0,0,0,0,5,1,1,0,0,3,12,0,0,0,0,0,0,0,0,0,0
2020/8/19,0,0,0,0,1,0,0,1,0,0,0,0,1,0,0,0,0,5,0,0,0,0,0,0,0,0,0,0
2020/8/20,0,0,0,0,2,1,0,1,0,0,0,0,1,0,0,0,0,0,0,0,0,0,0,0,0,0,0,0
2020/8/21,0,0,0,0,1,0,0,0,0,0,0,0,1,0,0,0,0,0,0,0,0,0,0,0,0,0,0,0
2020/8/22,0,0,0,0,2,0,0,1,0,0,0,0,1,0,0,0,0,0,0,0,2,0,0,0,0,0,0,0
2020/8/23,0,0,0,0,1,0,0,0,0,0,0,0,0,0,0,0,0,0,0,0,0,0,0,0,0,0,0,0
2020/8/24,0,0,0,0,2,0,0,0,0,0,0,0,2,0,0,0,0,0,0,0,0,0,0,0,0,0,0,0
2020/8/25,0,0,0,0,0,0,0,0,0,1,0,0,1,0,0,0,0,0,0,0,0,0,0,0,0,0,0,0
2020/8/26,0,0,0,2,0,0,1,1,0,0,0,0,0,0,0,0,0,0,1,0,0,0,0,0,0,0,0,0
2020/8/27,0,0,0,2,0,0,0,0,0,1,0,3,0,0,0,0,2,3,0,0,0,0,0,0,0,0,0,0
2020/8/28,0,0,0,0,0,0,0,0,0,0,0,1,0,0,0,0,1,0,0,0,0,0,0,0,0,0,0,0
2020/8/29,0,3,0,0.5,2,0,0,0.5,0,0,0,0.5,0.5,0,0.5,0,1.5,0,1,0,1.5,0,0,0,0,1.5,0,0.5
2020/8/30,0,6,0,1,4,0,0,1,0,0,0,0,1,0,1,0,2,0,2,0,3,0,0,0,0,3,0,1
2020/8/31,0,0,0,1,1,0,0,0,0,0,0,0,1,0,2,0,0,0,0,0,1,0,0,0,0,0,0,0
2020/9/1,0,0,0,0,3,0,0,0,0,0,0,0,0,0,0,0,0,0,0,0,0,0,0,0,0,0,1,0
2020/9/2,0,0,0,7,4,0,0,0,0,0,0,0,0,0,2,0,0,5,0,0,0,0,0,0,0,0,0,0
2020/9/3,0,0,0,0,2,1,0,3,0,1,0,0,0,0,0,0,0,0,1,0,3,0,0,0,0,0,0,0
2020/9/4,0,0,0,2,1,0,0,2,0,2,0,0,2,0,0,0,2,3,2,0,0,0,0,0,0,0,0,0
2020/9/5,0,7,0,4,5,0,0,2,0,0,0,3,0,0,0,0,0,2,0,0,0,0,1,0,0,0,0,0
2020/9/6,0,0,0,0,1,0,0,0,0,0,0,0,1,0,0,0,0,0,0,0,0,0,0,0,0,0,0,0
2020/9/7,2,0,0,6,0,0,0,1,0,0,0,1,2,0,0,0,3,5,0,0,0,0,0,0,0,0,0,0
2020/9/8,0,0,0,2,2,0,0,1,0,0,0,5,0,0,0,1,6,10,0,0,1,0,0,0,0,0,0,0
2020/9/9,1,0,0,2,3,0,0,4,0,0,0,0,0,0,0,0,1,4,0,0,1,0,0,0,0,0,0,1
2020/9/10,0,0,0,4,1,0,0,2,1,0,0,1,0,0,3,0,0,6,1,0,1,0,0,0,0,1,0,0
2020/9/11,0,0,0,0,1,0,0,1,0,0,0,1,0,0,0,0,0,4,0,0,0,0,0,0,0,0,0,0
2020/9/12,0,0,0,4,2,0,0,2,1,0,0,0,0,0,0,0,1,3,0,0,0,0,0,0,0,0,0,0
2020/9/13,0,0,0,2,1,0,0,0,0,0,0,0,0,0,1,0,0,0,0,0,2,1,0,0,0,1,1,0
2020/9/14,2,0,0,0,2,0,0,4,0,0,0,0,0,0,1,0,1,4,0,0,1,0,0,0,0,0,0,0
2020/9/15,0,0,0,3,0,0,0,0,1,0,0,1,0,0,0,0,2,2,0,0,1,0,0,0,0,0,0,0
2020/9/16,0,1,0,0,0,0,0,0,0,0,0,0,0,0,0,0,0,0,0,0,1,1,0,0,0,0,0,0
2020/9/17,0,0,0,5,0,0,0,0,0,0,0,5,0,0,0,0,4,3,0,0,0,0,0,0,0,0,0,0
2020/9/18,0,1,0,1,4,0,0,3,0,1,0,3,0,0,6,0,3,11,1,0,1,0,0,0,0,0,0,0
2020/9/19,0,1,0,0,2,0,0,0,0,0,1,0,0,0,0,0,1,2,0,0,4,0,0,0,0,0,0,0
2020/9/20,0,1,0,2,0,0,0,1,0,0,0,1,0,0,0,0,1,2,0,0,1,1,0,0,0,0,0,0
2020/9/21,0,2,0,5,0,0,0,0,0,0,0,2,0,0,0,0,1,9,0,0,3,0,0,0,0,0,0,0
2020/9/22,0,1,0,0,3,1,0,1,0,0,2,0,0,0,0,0,1,1,0,0,5,0,0,0,0,0,0,0
2020/9/23,0,1,0,5,1,0,0,0,0,1,0,3,0,0,1,0,2,3,0,0,1,0,0,0,0,0,0,0
2020/9/24,0,0,0,2,4,0,0,1,0,0,0,0,1,0,1,0,0,0,1,0,1,0,0,0,0,0,0,0
2020/9/25,0,0,0,2,6,0,0,3,0,0,0,0,0,0,2,0,0,5,0,0,6,0,0,0,0,0,0,0
2020/9/26,0,0,0,1,3,1,0,5,0,0,0,0,0,0,0,0,1,0,0,0,3,1,0,0,0,0,1,0
2020/9/27,0,0,0,4,0,0,0,0,0,0,0,4,0,0,0,0,5,6,0,0,0,0,0,0,0,3,0,0
2020/9/28,0,0,0,0,2,0,0,0,0,0,0,0,0,0,1,0,1,3,0,0,1,0,0,0,0,1,0,0
2020/9/29,0,0,0,1,0,0,0,0,0,1,0,1,0,0,0,0,0,3,0,0,0,0,0,0,0,0,0,0
2020/9/30,3,1,0,0,1,0,1,0,2,0,0,0,1,0,1,0,1,4,0,0,1,0,0,0,0,2,1,0
2020/10/1,1.5,0.5,0,0,0.5,0,0.5,0.5,1,0,0,0,0.5,0,0.5,0,0.5,2,0,0,1,0,0,0,0,1,0.5,0
2020/10/2,0,0,0,0,0,0,0,1,0,0,0,0,0,0,0,0,0,0,0,0,1,0,0,0,0,0,0,0
2020/10/3,0,0,0,0,1,0,0,2,0,0,0,0,0,0,0,0,1,1,0,0,0,0,0,0,0,0,0,0
2020/10/4,0,0,0,0,3,0,0,4,0,0,1,0,0,0,1,0,1,1,0,0,2,0,0,0,0,0,0,0
2020/10/5,0,0,0,9,3,0,0,1,0,0,0,0,0,0,0,0,1,3,0,0,0,0,0,0,0,0,0,0
2020/10/6,0,0,0,0,0,0,0,0,1,0,0,0,1,0,0,0,0,0,0,0,3,0,0,0,0,0,0,0
2020/10/7,3,0,0,5,2,0,0,6,0,1,0,1,0,0,0,0,3,7,0,0,0,0,0,0,0,0,0,0
2020/10/8,0,0,0,3,0,0,0,0,1,0,0,0,0,0,1,0,0,0,1,0,0,0,0,0,0,0,1,0
2020/10/9,0,0,0,6,2,0,0,4,0,0,1,0,0,0,0,0,1,1,0,0,2,0,0,0,0,0,0,0
2020/10/10,0,0,0,0,2,0,0,0,0,0,0,0,0,0,0,0,0,0,0,0,0,0,0,0,0,0,0,0
2020/10/11,0,0,0,0,0,0,0,1,0,0,0,0,1,0,0,0,0,0,0,0,0,0,0,0,0,0,0,0
2020/10/12,0,0,0,0,6,1,0,1,0,0,0,1,0,0,1,0,2,2,0,0,3,0,0,0,0,0,0,0
2020/10/13,0,0,0,8,0,0,0,2,0,0,0,7,0,0,0,0,10,15,0,0,0,0,0,0,0,0,0,0
2020/10/14,2,0,0,2,2,1,0,2,1,2,0,4,0,1,5,0,7,11,0,0,1,0,0,0,0,0,0,0
2020/10/15,4,0,0,1,0,0,0,0,0,0,0,0,0,0,0,0,2,7,0,0,0,0,0,0,0,0,0,0
2020/10/16,0,0,0,3,0,0,0,1,0,1,0,2,0,0,1,0,3,2,0,0,0,0,0,0,0,0,0,0
2020/10/17,1,2,0,3,4,2,0,4,0,3,0,3,0,0,0,0,2,8,0,0,0,0,0,0,0,3,0,0
2020/10/18,0,0,0,0,2,0,0,3,0,4,0,0,0,0,0,0,0,3,0,0,0,0,0,0,0,0,0,0
2020/10/19,2,0,0,3,2,0,0,3,0,0,0,8,0,0,0,0,8,11,0,0,2,0,0,0,0,0,4,0
2020/10/20,3,0,0,1,1,0,0,0,0,0,0,2,0,0,0,0,5,8,0,0,1,0,0,0,0,0,0,0
2020/10/21,8,1,0,3,3,1,0,2,0,1,0,0,1,1,4,0,11,20,2,0,3,0,0,1,0,0,0,0
2020/10/22,1,0,0,0,3,0,0,0,0,0,0,0,0,0,0,0,3,1,0,0,1,0,0,0,0,0,0,3
2020/10/23,0,0,0,4,1,0,0,2,2,0,0,0,0,0,1,0,0,0,2,0,0,0,0,0,0,0,0,0
2020/10/24,3,0,0,0,7,0,0,1,0,0,0,0,0,0,1,0,3,3,0,0,2,0,0,0,0,1,0,0
2020/10/25,0,0,0,0,10,0,0,0,0,0,0,0,0,0,0,0,0,0,0,0,0,0,0,0,0,0,0,0
2020/10/26,2,0,0,0,20,0,0,1,0,0,0,0,1,1,0,0,1,4,0,0,0,0,0,0,0,0,0,0
2020/10/27,1,2,0,0,9,0,0,1,1,1,0,0,0,0,0,0,1,2,0,0,0,0,0,0,0,0,0,0
2020/10/28,9,1,0,0,0,0,0,1,2,0,0,0,0,0,0,0,3,12,0,0,1,0,0,0,0,0,0,1
2020/10/29,0,1,0,0,1,0,0,0,2,0,0,0,0,0,0,0,0,1,0,0,0,0,0,0,0,0,0,1
2020/10/30,0,0,0,0,0,0,0,0,0,0,0,0,0,0,0,0,5,5,0,0,0,0,0,0,0,0,0,0
2020/10/31,0,1,0,0,1,0,0,1,0,0,0,0,0,0,0,0,0,3,1,0,2,0,0,0,0,0,0,0
2020/11/1,4,0,0,0,0,0,0,0,0,0,0,0,0,0,0,0,3,5,0,0,0,0,0,0,0,0,0,0
2020/11/2,0,0,0,6,0,0,0,0,0,0,0,7,0,0,0,0,7,7,0,0,0,0,0,0,0,0,0,0
2020/11/3,1,0,0,1,1,0,0,0,0,0,0,2,0,0,1,0,3,5,0,0,1,0,0,0,0,0,0,1
2020/11/4,5,1,0,0,1,0,0,1,0,0,0,0,0,0,0,0,3,10,1,0,1,0,0,0,0,0,0,0
2020/11/5,2,0,0,0,0,0,0,0,0,0,0,0,0,0,0,0,1,2,0,0,0,0,0,0,0,0,0,0
2020/11/6,3,0,0,0,0,0,0,0,0,0,0,0,0,0,0,0,3,3,0,0,0,0,0,0,0,0,0,0
2020/11/7,2,0,0,0,1,0,0,0,0,0,0,0,0,0,0,0,2,2,0,0,0,0,0,0,0,0,0,0
2020/11/8,0,1,0,0,1,0,0,1,1,0,0,0,0,0,0,0,0,0,0,0,0,0,0,0,0,0,0,1
2020/11/9,2,0,0,0,0,0,0,0,0,0,0,0,0,1,0,0,0,3,0,0,0,0,0,0,0,0,0,0
2020/11/10,5,2,0,0,2,0,0,0,2,0,0,0,0,0,0,0,3,5,0,0,0,0,0,0,0,0,0,2
2020/11/11,5,0,0,1,0,0,0,0,0,0,0,0,0,1,0,0,5,7,0,0,0,0,0,0,0,0,0,0
2020/11/12,0,1,0,1,1,0,0,1,0,0,0,1,0,0,0,0,1,1,0,0,0,0,0,0,0,0,0,0
2020/11/13,1,0,0,0,0,0,0,0,0,0,0,4,0,0,0,0,3,3,0,0,0,0,0,0,0,0,0,0
2020/11/14,0,0,0,0,0,0,0,1,0,0,0,0,0,0,3,0,0,0,0,0,1,0,0,0,0,0,0,0
2020/11/15,0,0,0,1,0,0,0,1,0,0,0,0,2,0,0,0,1,0,0,0,0,0,0,0,0,0,0,0
2020/11/16,1,0,0,0,0,0,0,0,0,0,0,0,0,0,0,0,1,5,0,0,0,0,0,0,0,0,0,0
2020/11/17,2,0,0,0,0,0,0,0,0,0,0,2,0,0,0,0,2,4,0,0,0,0,0,0,0,0,0,0
2020/11/18,1,1,0,0,0,0,0,0,1,1,0,0,1,0,0,0,0,4,0,0,0,0,0,0,0,0,0,0
2020/11/19,6,1,0,1,0,0,0,0,0,1,0,0,0,0,0,0,5,6,0,0,0,0,0,0,0,0,0,0
2020/11/20,5,1,0,0.83,0,0,0,0.33,0.67,1,0,0,0,0,0,0,4.17,5.33,0,0,0,0,0,0,0,0,0,0
2020/11/21,4,1,0,0.67,0,0,0,0.67,1.33,1,0,0,0,0,0,0,3.33,4.67,0,0,0,0,0,0,0,0,0,0
2020/11/22,3,1,0,0.5,0,0,0,1,2,1,0,0,0,0,0,0,2.5,4,0,0,0,0,0,0,0,0,0,0
2020/11/23,2,1,0,0.33,0,0,0,1.33,2.67,1,0,0,0,0,0,0,1.67,3.33,0,0,0,0,0,0,0,0,0,0
2020/11/24,1,1,0,0.17,0,0,0,1.67,3.33,1,0,0,0,0,0,0,0.83,2.67,0,0,0,0,0,0,0,0,0,0
2020/11/25,0,1,0,0,0,0,0,2,4,1,0,0,0,0,0,0,0,2,0,0,0,0,0,0,0,0,0,0
2020/11/26,5,0,0,1,0,0,0,0,1,0,0,6,0,1,0,0,12,14,0,0,0,0,0,0,0,0,0,0
2020/11/27,0,1,0,2,0,0,0,1,1,0,0,1,0,0,0,0,6,10,0,0,0,0,0,0,0,0,0,0
2020/11/28,0,8,0,2,2,0,0,0,2,0,0,0,1,0,0,1,0,2,0,0,0,0,0,0,0,0,0,0
2020/11/29,0,0,0,0,0,0,0,0,1,0,0,0,0,0,0,0,0,0,0,0,0,0,0,0,0,0,0,0
2020/11/30,0,0,0,0,0,0,0,0,1,0,0,0,0,0,0,0,0,0,0,0,0,0,0,0,0,0,0,0
2020/12/1,0,0,0,0,0,0,0,2,2,0,0,0,0,0,0,0,0,2,0,0,0,0,0,0,0,0,0,0
2020/12/2,0,0,0,0,0,0,0,0,0,0,0,1,0,0,0,0,1,11,0,0,0,0,0,0,0,0,0,0
2020/12/3,2.5,0,0,0.5,0,0,0,0,0.5,0,0,1,0,0,0.5,0,2.5,9,0,0,0.5,0,0,0,0,0,0,0
2020/12/4,5,0,0,1,0,0,0,0,1,0,0,1,0,0,1,0,4,7,0,0,1,0,0,0,0,0,0,0
2020/12/5,3.33,0,0,2.33,0,0,0,0,0.67,0,0,0.67,0,0,0.67,0,5,4.67,0,0,0.67,0,0,0,0,0,0,0
2020/12/6,1.67,0,0,3.67,0,0,0,0,0.33,0,0,0.33,0,0,0.33,0,6,2.33,0,0,0.33,0,0,0,0,0,0,0
2020/12/7,0,0,0,5,0,0,0,0,0,0,0,0,0,0,0,0,7,0,0,0,0,0,0,0,0,0,0,0
2020/12/8,0,1,0,3,0,0,0,1,0,0,0,5,0,0,0,0,5,5,0,0,0,0,0,0,0,0,0,0
2020/12/9,0,0,0,0,0,0,0,0,0,0,0,2,0,0,3,0,1,1,0,0,0,0,0,0,0,0,0,0
2020/12/10,0,0,0,1,1,0,0,1,1,0,0,0,1,0,0,0,0,1,0,0,0,0,0,0,0,0,0,0
2020/12/11,0,0,0,1,0,0,0,3,0,0,0,1,1,0,0,1,1,2,0,0,0,0,0,0,0,0,0,0
2020/12/12,0,0,0,0,1,0,0,1,1,0,0,0,1,0,0,0,1,0,0,0,0,0,0,0,0,0,0,0
2020/12/13,1.5,0,0,0,0.5,0,0,0.5,0.5,0,0,0,0.5,0,0.5,0,0.5,2.5,0,0,0,0,0,0,0,0,0,0
2020/12/14,3,0,0,0,0,0,0,0,0,0,0,0,0,0,1,0,0,5,0,0,0,0,0,0,0,0,0,0
2020/12/15,1.5,0,0,0,0.5,0,0,1,0.5,0,0,0,0.5,0,0.5,1,0,2.5,0,0,0,0,0,0,0,0,0,0
2020/12/16,0,0,0,0,1,0,0,2,1,0,0,0,1,0,0,2,0,0,0,0,0,0,0,0,0,0,0,0
2020/12/17,1,0,0,1,0,0,0,0,0,1,0,2,0,0,0,0,0,0,0,0,1,0,0,0,0,1,1,0
2020/12/18,1.33,0.33,0,0.67,0.67,0,0,1,0,0.67,0,1.33,0.33,0,0.67,0.67,0,1,0,0,1,0,0,0,0,0.67,0.67,0
2020/12/19,1.67,0.67,0,0.33,1.33,0,0,2,0,0.33,0,0.67,0.67,0,1.33,1.33,0,2,0,0,1,0,0,0,0,0.33,0.33,0
2020/12/20,2,1,0,0,2,0,0,3,0,0,0,0,1,0,2,2,0,3,0,0,1,0,0,0,0,0,0,0
2020/12/21,0,2,0,0,2,0,0,3,2,1,0,0,1,0,0,1,1,0,0,0,1,0,0,0,0,0,0,0
2020/12/22,1,4,0,0,1,0,0,1,3,3,0,2,1,0,0,0,1,3,0,0,0,0,0,0,0,0,0,0
2020/12/23,0,3,0,3,0,0,0,0,2,2,0,0,2,0,1,0,2,15,0,0,0,0,0,0,0,0,0,0
2020/12/24,0,0,0,0,0,0,0,0,0,0,0,2,0,0,1,0,2,1,0,0,1,0,0,0,0,0,0,0
2020/12/25,1,2,0,3,1,0,0,1,2,0,0,6,0,0,0,2,5,9,0,0,0,0,0,0,0,0,0,0
2020/12/26,1,1,0,0,0,0,0,1,0,0,0,0,0,0,0,0,0,2,1,0,0,0,0,0,0,0,0,0
2020/12/27,1,0,0,3,0,0,0,0,0,0,0,1,1,0,0,0,2,1,0,0,0,0,0,0,0,0,0,0
2020/12/28,1,3,0,2,3,0,0,4,2,0,0,0,2,0,0,1,1,0,0,0,0,0,0,0,0,0,0,0
2020/12/29,0,1,0,9,2,0,0,4,2,0,0,0,2,0,0,0,7,8,0,0,0,0,0,0,0,0,0,0
2020/12/30,0,0,0,5,0,0,0,1,0,0,0,0,3,0,1,0,0,1,0,0,0,0,0,0,0,0,0,0
2020/12/31,0.71,0,0,4.29,0,0,0,0.86,0,0,0,0,2.71,0,0.86,0,0.86,1.43,0,0,0,0,0,0,0,0,0,0
2021/1/1,1.43,0,0,3.57,0,0,0,0.71,0,0,0,0,2.43,0,0.71,0,1.71,1.86,0,0,0,0,0,0,0,0,0,0
2021/1/2,2.14,0,0,2.86,0,0,0,0.57,0,0,0,0,2.14,0,0.57,0,2.57,2.29,0,0,0,0,0,0,0,0,0,0
2021/1/3,2.86,0,0,2.14,0,0,0,0.43,0,0,0,0,1.86,0,0.43,0,3.43,2.71,0,0,0,0,0,0,0,0,0,0
2021/1/4,3.57,0,0,1.43,0,0,0,0.29,0,0,0,0,1.57,0,0.29,0,4.29,3.14,0,0,0,0,0,0,0,0,0,0
2021/1/5,4.29,0,0,0.71,0,0,0,0.14,0,0,0,0,1.29,0,0.14,0,5.14,3.57,0,0,0,0,0,0,0,0,0,0
2021/1/6,5,0,0,0,0,0,0,0,0,0,0,0,1,0,0,0,6,4,0,0,0,0,0,0,0,0,0,0
2021/1/7,2.5,0,0,3,0,0,0,0,0,0,0,2.5,0.5,0,0,0,5.5,4.5,0,0,0,0,0,0,0,0,0,0
2021/1/8,0,0,0,6,0,0,0,0,0,0,0,5,0,0,0,0,5,5,0,0,0,0,0,0,0,0,0,0
2021/1/9,0.67,0,0,4.67,0,0,0,0,0,0,0,4,0,0,0,0,5.67,5,0,0,0,0,0,0,0,0,0,0
2021/1/10,1.33,0,0,3.33,0,0,0,0,0,0,0,3,0,0,0,0,6.33,5,0,0,0,0,0,0,0,0,0,0
2021/1/11,2,0,0,2,0,0,0,0,0,0,0,2,0,0,0,0,7,5,0,0,0,0,0,0,0,0,0,0
2021/1/12,1,0,0,5,0,0,0,0,0,0,0,3,0,0,0,0,4,6,0,0,0,0,0,0,0,0,0,0
2021/1/13,0,0,0,3,0,0,0,0,0,0,0,4,0,0,0,0,3,9,0,0,0,0,0,0,0,0,0,0
2021/1/14,0,0,0,2,0,0,0,0,0,0,0,0,2,0,0,0,1,0,0,0,0,0,0,0,0,0,0,0
2021/1/15,2,0,0,3,0,0,0,0,0,0,0,2,0,0,0,0,6,2,0,0,0,0,0,0,0,0,0,0
2021/1/16,2,0,0,2,0,0,0,0,0,0,0,1.67,0,0.33,0,0,6,1.33,0,0,0,0,0,0,0,0,0,0
2021/1/17,2,0,0,1,0,0,0,0,0,0,0,1.33,0,0.67,0,0,6,0.67,0,0,0,0,0,0,0,0,0,0
2021/1/18,2,0,0,0,0,0,0,0,0,0,0,1,0,1,0,0,6,0,0,0,0,0,0,0,0,0,0,0
2021/1/19,0,0,0,6,0,0,0,0,0,0,0,5,0,0,0,0,5,6,0,0,0,0,0,0,0,0,0,0
2021/1/20,0,0,0,2,0,0,0,0,0,0,0,1,0,0,1,0,1,1,0,0,0,0,0,0,0,0,0,0
2021/1/21,6,0,0,5,0,0,0,0,0,0,0,3,4,0,0,0,6,2,0,0,0,0,0,0,0,0,0,0
2021/1/22,4,0,0,2.5,0,0,0,0,0,0,0,1.5,4,0,0,0,5,1,0,0,0,0,0,0,0,0,0,0
2021/1/23,2,0,0,0,0,0,0,0,0,0,0,0,4,0,0,0,4,0,0,0,0,0,0,0,0,0,0,0
2021/1/24,1.8,0,0,0,0,0,0,0,0,0,0,0.4,3.4,0,0,0,4.6,0.4,0,0,0,0,0,0,0,0,0,0
2021/1/25,1.6,0,0,0,0,0,0,0,0,0,0,0.8,2.8,0,0,0,5.2,0.8,0,0,0,0,0,0,0,0,0,0
2021/1/26,1.4,0,0,0,0,0,0,0,0,0,0,1.2,2.2,0,0,0,5.8,1.2,0,0,0,0,0,0,0,0,0,0
2021/1/27,1.2,0,0,0,0,0,0,0,0,0,0,1.6,1.6,0,0,0,6.4,1.6,0,0,0,0,0,0,0,0,0,0
2021/1/28,1,0,0,0,0,0,0,0,0,0,0,2,1,0,0,0,7,2,0,0,0,0,0,0,0,0,0,0
2021/1/29,0,0,0,2,0,0,0,1,0,0,0,0,0,0,0,1,0,1,0,0,1,0,0,0,0,0,0,0
2021/1/30,1,0,0,0,0,0,0,0,0,0,0,0,1,0,0,0,1,0,0,0,0,0,0,0,0,0,0,0
2021/1/31,0,0,0,0,0,0,0,0,0,0,0,0,0,0,0,0,0,3,0,0,0,0,0,0,0,0,0,0
2021/2/1,1,0,0,0,0,0,0,0,0,0,0,0,0,0,0,0,1,1,0,0,0,0,0,0,0,0,0,0
2021/2/2,0,0,0,1,0,0,0,0,0,0,0,2,0,0,0,0,1,2,0,0,0,0,0,0,0,0,0,0
2021/2/3,1,0,0,0,0,0,0,0,0,0,0,2,0,0,2,0,2,1,0,0,0,0,0,0,0,0,0,0
2021/2/4,0,0,0,4,0,0,0,0,0,0,0,6,0,0,0,0,5,5,0,0,0,0,0,0,0,0,0,0
2021/2/5,3,0,0,1,0,0,0,0,0,0,0,0,1,0,0,0,5,3,0,0,0,0,0,0,0,0,0,0
2021/2/6,0,0,0,0,0,0,0,1,0,0,0,0,0,0,0,0,1,0,0,0,0,0,0,0,0,0,0,0
2021/2/7,0,0,0,0,0,0,0,1,0,0,0,0,0,0,0,0,0,0,0,0,0,0,0,1,0,0,0,1
2021/2/8,0,0,0,2,0,0,0,1,0,0,0,0,1,0,0,0,0,0,0,0,0,0,0,0,0,0,0,1
2021/2/9,0,0,0,1.5,0,0,0,0.5,0,0,0,0,0.5,0,0,0,1,0,0,0,0,0,0,0,0,0,0,0.5
2021/2/10,0,0,0,1,0,0,0,0,0,0,0,0,0,0,0,0,2,0,0,0,0,0,0,0,0,0,0,0
2021/2/11,0.22,0,0,1,0.22,0,0,0.33,0,0,0,0,0.11,0,0,0,2.22,0.22,0,0,0,0,0,0,0,0,0,0
2021/2/12,0.44,0,0,1,0.44,0,0,0.67,0,0,0,0,0.22,0,0,0,2.44,0.44,0,0,0,0,0,0,0,0,0,0
2021/2/13,0.67,0,0,1,0.67,0,0,1,0,0,0,0,0.33,0,0,0,2.67,0.67,0,0,0,0,0,0,0,0,0,0
2021/2/14,0.89,0,0,1,0.89,0,0,1.33,0,0,0,0,0.44,0,0,0,2.89,0.89,0,0,0,0,0,0,0,0,0,0
2021/2/15,1.11,0,0,1,1.11,0,0,1.67,0,0,0,0,0.56,0,0,0,3.11,1.11,0,0,0,0,0,0,0,0,0,0
2021/2/16,1.33,0,0,1,1.33,0,0,2,0,0,0,0,0.67,0,0,0,3.33,1.33,0,0,0,0,0,0,0,0,0,0
2021/2/17,1.56,0,0,1,1.56,0,0,2.33,0,0,0,0,0.78,0,0,0,3.56,1.56,0,0,0,0,0,0,0,0,0,0
2021/2/18,1.78,0,0,1,1.78,0,0,2.67,0,0,0,0,0.89,0,0,0,3.78,1.78,0,0,0,0,0,0,0,0,0,0
2021/2/19,2,0,0,1,2,0,0,3,0,0,0,0,1,0,0,0,4,2,0,0,0,0,0,0,0,0,0,0
2021/2/20,0,0,0,0,2,0,0,2,0,0,0,0,0,0,0,0,0,0,0,0,0,0,0,0,0,0,0,0
2021/2/21,0,0,0,0,0,0,0,0,3,0,0,0,1,0,0,0,0,0,0,0,1,0,0,0,0,0,0,0
2021/2/22,2,0,0,5,0,0,0,0,2,0,0,5,1,0,0,0,6,7,0,0,0,0,0,1,0,0,0,0
2021/2/23,1,0,0,3,0,0,0,0,0,0,0,3,0,0,0,0,7,5,0,0,0,0,0,0,0,0,0,0
2021/2/24,2,0,0,0,0,0,0,2,0,0,0,0,2,0,0,0,3,1,0,0,0,0,0,0,0,0,0,0
2021/2/25,0,0,0,2,1,0,0,3,0,0,0,0,0,0,0,0,0,0,0,0,1,0,0,0,0,0,0,0
2021/2/26,0,0,0,1,1.5,0,0,1.5,0,0,0,0,0,0,0,0,0,0,0,0,0.5,0,0,0,0,0,0,0
2021/2/27,0,0,0,0,2,0,0,0,0,0,0,0,0,0,0,0,0,0,0,0,0,0,0,0,0,0,0,0
2021/2/28,4,0.5,0,1,1,0,0,1.5,0.5,1,0,0,1,0,0,0,5,4,0,0,0,0,0,0,0,0,0,0
2021/3/1,8,1,0,2,0,0,0,3,1,2,0,0,2,0,0,0,10,8,0,0,0,0,0,0,0,0,0,0
2021/3/2,1,2,0,1,0,0,0,2,2,3,0,0,1,0,0,0,2,1,0,0,0,0,0,0,0,0,0,0
2021/3/3,1,0,0,0,0,0,0,1,2,4,0,0,1,0,0,0,1,1,0,0,0,0,0,0,0,0,0,0
2021/3/4,0,2,0,4,0,0,0,0,0,0,0,2,1,0,0,0,4,5,0,0,0,0,0,0,0,0,0,0
2021/3/5,0,0,0,0,1,0,0,4,1,1,0,0,0,0,0,0,0,1,0,0,0,0,0,1,0,0,0,0
2021/3/6,0,0,0,0,0,0,0,6,3,2,0,0,1,0,0,0,0,2,0,0,0,0,0,0,0,0,0,0
2021/3/7,4,0,0,0,1,0,0,4,2,4,0,0,3,0,0,1,6,8,0,0,0,0,0,0,0,0,0,0
2021/3/8,0,0,0,0,0,0,0,1,1,0,0,2,0,0,0,0,2,1,0,0,0,0,0,0,0,0,0,0
2021/3/9,0,1,0,2,0,0,0,2,2,2,0,3,1,0,0,0,3,3,0,0,0,0,0,0,0,0,0,0
2021/3/10,3,0,0,0,0,0,0,1,1,1,0,0,1,0,0,0,2,3,0,0,0,0,0,0,0,0,0,0
2021/3/11,1,1,0,2,1,0,0,3,2,2,0,0,1,0,0,0,2,4,1,0,0,0,0,0,0,0,1,0
2021/3/12,1,0,0,0,2,0,0,1,2,2,0,0,4,0,0,0,0,2,0,0,0,0,0,0,0,0,0,0
2021/3/13,0,0,0,4,2,0,0,1,1,0,0,3,0,0,1,0,4,3,0,0,0,0,0,0,0,0,0,0
2021/3/14,4,0,0,0,2,0,0,0,1,0,0,0,3,0,1,0,7,3,0,0,0,0,0,0,0,0,0,0
2021/3/15,0,0,0,0,2,0,0,1,0,1,0,0,4,0,1,0,0,4,0,0,0,0,0,0,0,0,0,0
2021/3/16,0,0,0,0,1,0,0,1,1,0,0,0,0,0,1,0,0,0,1,0,0,0,0,0,0,1,0,0
2021/3/17,0,0,0,0,3,0,0,0,0,0,0,0,1,0,0,0,2,1,0,0,0,0,0,0,0,0,0,0
2021/3/18,0,0,0,0,1.5,1,0,0,0,0,0,0,1,0,0,0,1.5,1,0,0,0.5,0,0,0,0,0,0,0
2021/3/19,0,0,0,0,0,2,0,0,0,0,0,0,1,0,0,0,1,1,0,0,1,0,0,0,0,0,0,0
2021/3/20,0,0,0,0,3,0,0,1,4,0,0,0,0,0,0,0,1,0,0,0,0,0,0,0,0,0,0,0
2021/3/21,0,0,0,0,0,0,0,0,0,1,0,0,1,0,0,0,1,0,0,0,0,0,0,0,0,0,0,0
2021/3/22,2,0,0,2,0,0,0,0,1,0,0,2,3,0,0,0,5,7,0,0,0,0,0,0,0,0,0,0
2021/3/23,5,1,0,0,0,0,0,3,0,1,0,0,4,0,0,0,6,7,0,0,0,0,0,0,0,0,0,0
2021/3/24,3,0,0,6,0,0,0,0,0,0,0,5,0,0,1,0,7,9,0,0,0,0,0,0,0,0,0,0
2021/3/25,3,0,0,0,0,0,0,0,0,5,0,0,1,0,0,0,3,3,0,0,0,0,0,0,0,0,0,0
2021/3/26,0,0,0,4,0,0,0,0,0,0,0,3,0,0,0,0,6,6,0,0,0,0,0,0,0,0,0,0
2021/3/27,1,1,0,3,0,0.5,0,0,2,1,0,1.5,1.5,0,0,0,3,4.5,1.5,0,2,0,0,0,0,0,0,0
2021/3/28,2,2,0,2,0,1,0,0,4,2,0,0,3,0,0,0,0,3,3,0,4,0,0,0,0,0,0,0
2021/3/29,2,1,0,0,0,0,0,3,1,2,0,0,4,0,0,0,2,5,1,0,0,0,0,0,0,0,0,0
2021/3/30,1,0,0,2,0,0,0,0,0,0,0,0,0,0,0,0,1,2,0,0,0,0,0,0,0,0,0,0
2021/3/31,0.92,0,0,2,0,0,0,0,0.08,0,0.15,0,0,0,0.08,0,0.92,1.92,0.08,0,0,0,0,0.08,0,0.08,0,0
2021/4/1,0.85,0,0,2,0,0,0,0,0.15,0,0.31,0,0,0,0.15,0,0.85,1.85,0.15,0,0,0,0,0.15,0,0.15,0,0
2021/4/2,0.77,0,0,2,0,0,0,0,0.23,0,0.46,0,0,0,0.23,0,0.77,1.77,0.23,0,0,0,0,0.23,0,0.23,0,0
2021/4/3,0.69,0,0,2,0,0,0,0,0.31,0,0.62,0,0,0,0.31,0,0.69,1.69,0.31,0,0,0,0,0.31,0,0.31,0,0
2021/4/4,0.62,0,0,2,0,0,0,0,0.38,0,0.77,0,0,0,0.38,0,0.62,1.62,0.38,0,0,0,0,0.38,0,0.38,0,0
2021/4/5,0.54,0,0,2,0,0,0,0,0.46,0,0.92,0,0,0,0.46,0,0.54,1.54,0.46,0,0,0,0,0.46,0,0.46,0,0
2021/4/6,0.46,0,0,2,0,0,0,0,0.54,0,1.08,0,0,0,0.54,0,0.46,1.46,0.54,0,0,0,0,0.54,0,0.54,0,0
2021/4/7,0.38,0,0,2,0,0,0,0,0.62,0,1.23,0,0,0,0.62,0,0.38,1.38,0.62,0,0,0,0,0.62,0,0.62,0,0
2021/4/8,0.31,0,0,2,0,0,0,0,0.69,0,1.38,0,0,0,0.69,0,0.31,1.31,0.69,0,0,0,0,0.69,0,0.69,0,0
2021/4/9,0.23,0,0,2,0,0,0,0,0.77,0,1.54,0,0,0,0.77,0,0.23,1.23,0.77,0,0,0,0,0.77,0,0.77,0,0
2021/4/10,0.15,0,0,2,0,0,0,0,0.85,0,1.69,0,0,0,0.85,0,0.15,1.15,0.85,0,0,0,0,0.85,0,0.85,0,0
2021/4/11,0.08,0,0,2,0,0,0,0,0.92,0,1.85,0,0,0,0.92,0,0.08,1.08,0.92,0,0,0,0,0.92,0,0.92,0,0
2021/4/12,0,0,0,2,0,0,0,0,1,0,2,0,0,0,1,0,0,1,1,0,0,0,0,1,0,1,0,0
2021/4/13,2,0,0,3,0,1,0,0,0,1,0,0,0,0,1,0,2,3,2,0,2,0,0,0,0,0,1,0
2021/4/14,0,0,0,1,0,0,0,2,0,1,0,0,0,0,0,0,3,2,0,0,5,0,0,0,0,1,1,0
2021/4/15,1,0,0,0,0,0,0,2,0,0,0,0,0,0,0,0,1,4,0,0,0,0,0,0,0,0,0,0
2021/4/16,4,0,0,0,0,0,0,0,0,0,0,0,0,0,0,0,4,4,0,0,0,0,0,0,0,0,0,0
2021/4/17,0,0,0,0,0,1,0,0,0,2,0,0,0,0,0,0,0,1,0,0,1,0,0,0,0,0,0,0
2021/4/18,1,1,0,0,1,0,0,0,0,0,0,0,1,0,0,0,1,2,0,0,1,0,0,0,0,0,0,0
2021/4/19,1,0,0,0,1,0,0,0,1,1,0,2,0,0,0,0,4,3,0,0,2,0,0,0,0,0,0,0
2021/4/20,2,0,0,11,1,1,0,0,1,0,0,8,0,0,0,0,10,10,0,0,1,0,0,0,0,0,0,0
2021/4/21,0,0,0,0,1,0,0,0,0,2,0,0,0,0,1,0,1,3,0,0,2,0,0,0,0,0,0,0
2021/4/22,0,0,0,1,0,0,1,0,0,1,0,2,0,0,0,0,2,3,0,0,0,0,0,0,0,0,0,0
2021/4/23,0,0,0,5,0,0,0,0,0,0,0,6,0,0,0,0,6,6,0,0,0,0,0,0,0,0,0,0
2021/4/24,0,0,0,1,0,0,0,0,0,0,0,1,0,0,0,0,1,2,0,0,0,0,0,0,0,0,0,0
2021/4/25,0,0,0,0.67,0,0,0,0,0,0.33,0,0.67,0,0,0,0,0.67,1.67,0,0,0,0,0,0,0,0,0,0
2021/4/26,0,0,0,0.33,0,0,0,0,0,0.67,0,0.33,0,0,0,0,0.33,1.33,0,0,0,0,0,0,0,0,0,0
2021/4/27,0,0,0,0,0,0,0,0,0,1,0,0,0,0,0,0,0,1,0,0,0,0,0,0,0,0,0,0
2021/4/28,0,0,0,0,0,0,0,0,0,1,0,0,0,0,0,0,0,0.83,0,0,0,0,0,0,0,0,0,0
2021/4/29,0,0,0,0,0,0,0,0,0,1,0,0,0,0,0,0,0,0.67,0,0,0,0,0,0,0,0,0,0
2021/4/30,0,0,0,0,0,0,0,0,0,1,0,0,0,0,0,0,0,0.5,0,0,0,0,0,0,0,0,0,0
2021/5/1,0,0,0,0,0,0,0,0,0,1,0,0,0,0,0,0,0,0.33,0,0,0,0,0,0,0,0,0,0
2021/5/2,0,0,0,0,0,0,0,0,0,1,0,0,0,0,0,0,0,0.17,0,0,0,0,0,0,0,0,0,0
2021/5/3,0,0,0,0,0,0,0,0,0,1,0,0,0,0,0,0,0,0,0,0,0,0,0,0,0,0,0,0
2021/5/4,0,0,0,0,0,0,0,0,0,1.5,0,1.5,0,0,0,0,4.5,4,0,0,0,0,0,0,0,0,0,0
2021/5/5,0,0,0,0,0,0,0,0,0,2,0,3,0,0,0,0,9,8,0,0,0,0,0,0,0,0,0,0
2021/5/6,0,0,0,1.5,0,0,0,0.5,0,1,0,1.5,0,0,0,0,4.5,4.5,0,0,0,0,0,0,0,0,0,0
2021/5/7,0,0,0,3,0,0,0,1,0,0,0,0,0,0,0,0,0,1,0,0,0,0,0,0,0,0,0,0
2021/5/8,0,0,0,1,0,0,0,0,0,1,0,0,0,0,0,0,0,0,0,0,0,0,0,0,0,0,0,0
2021/5/9,0,0,0,1,0,0,0,0,0,3,0,0,0,0,0,0,0,0,0,0,0,0,0,0,0,1,0,0
2021/5/10,0,0,0,0,0,0,0,0,0,0,0,1,0,0,0,0,1,1,0,0,0,0,0,0,0,0,0,0
2021/5/11,0,1,0,2,0,0,0,0,2,2,1,3,2,0,8,0,3,4,0,0,1,0,0,0,1,0,0,0
2021/5/12,0,0,0,6,0,0,0,3,0,2,0,6,3,0,0,0,12,11,0,0,0,0,0,0,1,0,0,0
2021/5/13,0,3,5,0,6,0,1,0,2,9,4,0,0,0,4,0,1,6,0,0,8,2,0,0,0,0,0,0
2021/5/14,0,0,0,7,0,2,0,3,0,0,0,8,0,0,0,0,5,9,0,0,0,0,0,0,0,0,0,0
2021/5/15,3,0,0,4,0,0,0,2,0,2,0,4,0,0,0,0,7,7,0,0,2,0,0,0,0,0,0,0
2021/5/16,3,0,0,3,0,0,0,1,0,0,0,2,0,0,2,0,6,5,0,0,1,0,0,0,0,0,1,0
2021/5/17,0,0,0,1,0,0,0,0,0,0,0,1,0,0,0,0,1,1,0,0,0,0,0,0,0,0,0,0
2021/5/18,2,0,0,4,0,0,0,3,1,4,0,5,0,0,0,0,14,12,1,0,2,0,0,0,0,0,0,0
2021/5/19,6,3,0,2,4,0,0,3,2,2,2,0,1,0,0,0,14,10,0,0,4,0,2,0,0,0,1,0
2021/5/20,0,6,0,2,3,0,0,3,0,0,0,0,0,0,0,0,0,0,0,0,4,3,0,0,0,2,0,0
2021/5/21,0,0,0,4,0,0,0,0,0,0,0,4,0,0,0,0,4,4,0,0,0,0,0,0,0,0,0,0
2021/5/22,0,0,0,0,0,1,0,0,0,0,0,0,0,0,0,0,0,0,0,0,2,0,0,0,0,1,2,0
2021/5/23,0,0,0,5,0,0,0,3,0,0,0,4,0,0,0,0,4,4,0,0,2,0,0,0,1,0,2,0
2021/5/24,0,0,0,11,0,0,0.5,3,0,0,0,9,0,0,0,0,10,6.5,0,0,2,0,0,0,1.5,0,1,0
2021/5/25,0,0,0,17,0,0,1,3,0,0,0,14,0,0,0,0,16,9,0,0,2,0,0,0,2,0,0,0
2021/5/26,3,7,0,7,3,0,0,1,0,2,0,6,0,0,0,0,12,9,0,0,1,1,0,0,0,0,0,0
2021/5/27,0,0,0,10,1,0,0,1,0,2,0,8,0,0,0,0,9,8,0,0,0,0,0,1,0,0,1,0
2021/5/28,6,0,0,0,0,0,0,3,1,0,0,0,6,0,1,0,6,0,0,0,0,0,0,0,0,0,0,1
2021/5/29,0,0,0,4,0,0,0,4,0,0,0,4,0,0,0,0,4,4,0,0,1,0,0,0,0,0,0,0
2021/5/30,0,0,0,2,1.5,0,0,3.5,0,0,0,2,0,0,0,0,2.5,2,0,0,1,0,0,0,0,0,0,0
2021/5/31,0,0,0,0,3,0,0,3,0,0,0,0,0,0,0,0,1,0,0,0,1,0,0,0,0,0,0,0
2021/6/1,0,0,0,2,3,0,0,1,0,0,0,2,0,0,0,0,8,2,0,0,2,0,0,0,0,0,0,0
2021/6/2,0,0,0,1,1,0,0,1,0,0,0,0,0,0,0,0,1,0,0,0,1,0,0,0,0,0,0,0
2021/6/3,3,0,0,3,2,0,0,2,0,0,0,0,0,0,0,0,5,3,0,0,0,0,0,0,0,0,0,0
2021/6/4,0,6,0,0,0,0,0,0,0,0,0,0,0,0,0,0,0,0,0,0,0,0,0,0,0,0,0,0
2021/6/5,0,0,0,0,0,0,0,0,1,1,0,0,0,0,0,0,0,0,0,0,1,0,0,0,0,0,0,0
2021/6/6,0,0,0,0,0.5,0,0,0.5,0.5,0.5,0,2,0,0,0,0,3.5,2.5,0,0,0.5,0,0,0,0,0,0.5,0
2021/6/7,0,0,0,0,1,0,0,1,0,0,0,4,0,0,0,0,7,5,0,0,0,0,0,0,0,0,1,0
2021/6/8,1,0,0,2.5,0.5,0,0,1,0,0.5,0,4,0,0,0,0,5.5,5.5,0,0,0,0,0,0,0,0,0.5,0
2021/6/9,2,0,0,5,0,0,0,1,0,1,0,4,0,0,0,0,4,6,0,0,0,0,0,0,0,0,0,0
2021/6/10,2,0,0,0,1,1,0,2,1,1,0,0,0,0,0,0,3,0,0,0,2,0,0,0,0,0,0,0
2021/6/11,0,0,0,0,0,0,0,3,0,0,0,0,0,0,0,1,0,1,0,0,2,0,0,0,0,0,0,0
2021/6/12,3,0,0,0,0,1,0,1,0,0,0,0,0,0,0,0,3,0,0,0,0,0,0,0,0,0,0,0
2021/6/13,1,1,0,2,0,0,0,3,0,0,0,0,0,0,0,0,2,0,0,0,2,0,0,0,0,0,0,0
2021/6/14,0,0,0,1,1,0,0,6,0,0,0,0,0,0,1,0,0,0,0,0,0,0,0,0,0,0,0,0
2021/6/15,0,6,0,1,1,0,0,1,0,2,0,3,0,0,0,0,7,6,0,0,2,0,0,0,0,0,0,0
2021/6/16,0,0,0,1,1,0,0,1,0,2,0,0,0,0,0,0,2,0,0,0,0,0,0,0,0,0,0,0
2021/6/17,1,0,0,4,1,0,0,2,0,5,0,0,6,0,1,0,3,2,0,0,0,0,0,0,0,0,0,0
2021/6/18,0,0,0,2,3,1,1,3,0,2,0,0,0,0,0,0,1,1,0,0,0,0,0,0,0,0,0,0
2021/6/19,0.11,0,0,2.11,2.94,0.94,0.94,3.22,0,2.06,0,0,0,0,0,0,0.94,0.94,0,0,0.06,0,0,0,0,0,0.06,0
2021/6/20,0.22,0,0,2.22,2.89,0.89,0.89,3.44,0,2.11,0,0,0,0,0,0,0.89,0.89,0,0,0.11,0,0,0,0,0,0.11,0
2021/6/21,0.33,0,0,2.33,2.83,0.83,0.83,3.67,0,2.17,0,0,0,0,0,0,0.83,0.83,0,0,0.17,0,0,0,0,0,0.17,0
2021/6/22,0.44,0,0,2.44,2.78,0.78,0.78,3.89,0,2.22,0,0,0,0,0,0,0.78,0.78,0,0,0.22,0,0,0,0,0,0.22,0
2021/6/23,0.56,0,0,2.56,2.72,0.72,0.72,4.11,0,2.28,0,0,0,0,0,0,0.72,0.72,0,0,0.28,0,0,0,0,0,0.28,0
2021/6/24,0.67,0,0,2.67,2.67,0.67,0.67,4.33,0,2.33,0,0,0,0,0,0,0.67,0.67,0,0,0.33,0,0,0,0,0,0.33,0
2021/6/25,0.78,0,0,2.78,2.61,0.61,0.61,4.56,0,2.39,0,0,0,0,0,0,0.61,0.61,0,0,0.39,0,0,0,0,0,0.39,0
2021/6/26,0.89,0,0,2.89,2.56,0.56,0.56,4.78,0,2.44,0,0,0,0,0,0,0.56,0.56,0,0,0.44,0,0,0,0,0,0.44,0
2021/6/27,1,0,0,3,2.5,0.5,0.5,5,0,2.5,0,0,0,0,0,0,0.5,0.5,0,0,0.5,0,0,0,0,0,0.5,0
2021/6/28,1.11,0,0,3.11,2.44,0.44,0.44,5.22,0,2.56,0,0,0,0,0,0,0.44,0.44,0,0,0.56,0,0,0,0,0,0.56,0
2021/6/29,1.22,0,0,3.22,2.39,0.39,0.39,5.44,0,2.61,0,0,0,0,0,0,0.39,0.39,0,0,0.61,0,0,0,0,0,0.61,0
2021/6/30,1.33,0,0,3.33,2.33,0.33,0.33,5.67,0,2.67,0,0,0,0,0,0,0.33,0.33,0,0,0.67,0,0,0,0,0,0.67,0
2021/7/1,1.44,0,0,3.44,2.28,0.28,0.28,5.89,0,2.72,0,0,0,0,0,0,0.28,0.28,0,0,0.72,0,0,0,0,0,0.72,0
2021/7/2,1.56,0,0,3.56,2.22,0.22,0.22,6.11,0,2.78,0,0,0,0,0,0,0.22,0.22,0,0,0.78,0,0,0,0,0,0.78,0
2021/7/3,1.67,0,0,3.67,2.17,0.17,0.17,6.33,0,2.83,0,0,0,0,0,0,0.17,0.17,0,0,0.83,0,0,0,0,0,0.83,0
2021/7/4,1.78,0,0,3.78,2.11,0.11,0.11,6.56,0,2.89,0,0,0,0,0,0,0.11,0.11,0,0,0.89,0,0,0,0,0,0.89,0
2021/7/5,1.89,0,0,3.89,2.06,0.06,0.06,6.78,0,2.94,0,0,0,0,0,0,0.06,0.06,0,0,0.94,0,0,0,0,0,0.94,0
2021/7/6,2,0,0,4,2,0,0,7,0,3,0,0,0,0,0,0,0,0,0,0,1,0,0,0,0,0,1,0
2021/7/7,2,0,0,0,2,0,1,2,0,2,0,0,0,0,0,0,0,2,0,0,3,0,0,0,0,1,0,0
2021/7/8,0,5,0,1,1,0,0,1,0,1,0,0,0,0,1,0,1,0,0,0,2,0,0,0,0,0,0,0
2021/7/9,0,0,0,1,2,0,0,3,0,2,0,0,0,0,1,0,0,0,0,0,2,0,0,0,0,0,0,0
2021/7/10,0,0,0,0,2,0,0,1,0,1,0,0,0,0,1,0,0,0,0,0,0,0,0,0,0,0,0,0
2021/7/11,0,0,0,0,2,0,0,2,0,1,0,0,0,0,0,0,0,0,0,0,0,0,0,0,0,0,0,0
2021/7/12,0,0,0,0,0,0,0,1,0,1,0,0,0,0,0,0,0,0,0,0,0,0,0,0,0,0,0,0
2021/7/13,0,0,0,1,2,1,0,3,1,1,0,0,0,0,0,2,1,0,0,0,3,0,0,0,0,0,1,0
